name,socket,form_factor
MSI MAG B550 TOMAHAWK,AM4,ATX
MSI B550-A PRO,AM4,ATX
Gigabyte Z790 AORUS ELITE AX,LGA1700,ATX
MSI MAG B660 TOMAHAWK WIFI DDR4,LGA1700,ATX
Gigabyte B650 AORUS ELITE AX,AM5,ATX
Asus ROG STRIX B550-A GAMING,AM4,ATX
MSI MAG Z790 TOMAHAWK WIFI,LGA1700,ATX
MSI MAG B650 TOMAHAWK WIFI,AM5,ATX
Asus TUF GAMING X570-PLUS (WI-FI),AM4,ATX
Gigabyte B650 GAMING X AX,AM5,ATX
Asus ROG STRIX B550-F GAMING WIFI II,AM4,ATX
MSI B550 GAMING GEN3,AM4,ATX
MSI PRO Z790-P WIFI,LGA1700,ATX
Gigabyte B550 AORUS ELITE AX V2,AM4,ATX
Asus ROG STRIX B650E-F GAMING WIFI,AM5,ATX
Asus ROG STRIX Z690-A GAMING WIFI D4,LGA1700,ATX
Asus TUF GAMING B550-PLUS WIFI II,AM4,ATX
MSI MPG B550 GAMING PLUS,AM4,ATX
MSI PRO B760-P WIFI DDR4,LGA1700,ATX
MSI PRO B650-P WIFI,AM5,ATX
MSI MAG Z690 TOMAHAWK WIFI DDR4,LGA1700,ATX
Asus ROG STRIX Z790-E GAMING WIFI,LGA1700,ATX
Asus PRIME Z690-P WIFI D4,LGA1700,ATX
MSI MAG X670E TOMAHAWK WIFI,AM5,ATX
Asus ROG MAXIMUS Z790 HERO,LGA1700,ATX
MSI MAG B550 TOMAHAWK MAX WIFI,AM4,ATX
Asus TUF GAMING B650-PLUS WIFI,AM5,ATX
Asus ROG STRIX X670E-E GAMING WIFI,AM5,ATX
Asus TUF GAMING Z790-PLUS WIFI,LGA1700,ATX
MSI PRO Z690-A WIFI DDR4,LGA1700,ATX
Gigabyte B550 GAMING X V2,AM4,ATX
Gigabyte B760 GAMING X AX,LGA1700,ATX
Asus ROG STRIX B550-F GAMING,AM4,ATX
Asus ROG STRIX B650-A GAMING WIFI,AM5,ATX
Asus PRIME Z790-A WIFI,LGA1700,ATX
MSI MPG Z490 GAMING EDGE WIFI,LGA1200,ATX
MSI MPG Z490 GAMING PLUS,LGA1200,ATX
ASRock B550 Phantom Gaming 4/ac,AM4,ATX
Gigabyte X670 AORUS ELITE AX (rev. 1.0),AM5,ATX
Gigabyte X570S AORUS ELITE AX,AM4,ATX
MSI MPG Z790 EDGE WIFI,LGA1700,ATX
Asus ROG STRIX Z690-E GAMING WIFI,LGA1700,ATX
ASRock H570 Phantom Gaming 4,LGA1200,ATX
Asus PRIME B550-PLUS,AM4,ATX
Gigabyte B760 AORUS ELITE AX,LGA1700,ATX
MSI PRO X670-P WIFI,AM5,ATX
Asus PRIME B660-PLUS D4,LGA1700,ATX
Asus PRIME Z790-P WIFI,LGA1700,ATX
MSI MPG B650 EDGE WIFI,AM5,ATX
MSI B450 TOMAHAWK MAX,AM4,ATX
MSI MPG X670E CARBON WIFI,AM5,ATX
ASRock Z790 PG LIGHTNING,LGA1700,ATX
Gigabyte B550 AORUS ELITE V2,AM4,ATX
Asus ROG STRIX B760-A GAMING WIFI D4,LGA1700,ATX
Asus TUF GAMING X670E-PLUS WIFI,AM5,ATX
Asus ROG STRIX B450-F GAMING,AM4,ATX
ASRock B550 Phantom Gaming 4,AM4,ATX
MSI PRO Z790-A WIFI,LGA1700,ATX
ASRock B550 Pro4,AM4,ATX
Asus ROG STRIX Z790-A GAMING WIFI,LGA1700,ATX
Asus ROG CROSSHAIR X670E HERO,AM5,ATX
MSI MAG B760 TOMAHAWK WIFI,LGA1700,ATX
ASRock X670E Steel Legend,AM5,ATX
MSI MAG X570S TOMAHAWK MAX WIFI,AM4,ATX
MSI MPG X570S EDGE MAX WIFI,AM4,ATX
Asus ROG STRIX X670E-A GAMING WIFI,AM5,ATX
Asus TUF GAMING Z690-PLUS WIFI D4,LGA1700,ATX
MSI MAG Z690 TOMAHAWK WIFI,LGA1700,ATX
MSI B760 GAMING PLUS WIFI,LGA1700,ATX
Asus PRIME B650-PLUS,AM5,ATX
MSI MEG Z790 GODLIKE,LGA1700,EATX
MSI PRO Z690-P DDR4,LGA1700,ATX
Gigabyte Z690 AORUS ELITE AX,LGA1700,ATX
MSI MPG Z790 CARBON WIFI,LGA1700,ATX
Asus ROG Crosshair VIII Dark Hero,AM4,ATX
MSI MPG Z690 EDGE WIFI DDR4,LGA1700,ATX
Asus PRIME Z390-A,LGA1151,ATX
Gigabyte B450 AORUS ELITE V2,AM4,ATX
Asus PRIME X670E-PRO WIFI,AM5,ATX
MSI MAG B760 TOMAHAWK WIFI DDR4,LGA1700,ATX
Asus ROG CROSSHAIR X670E EXTREME,AM5,EATX
Asus ROG STRIX X670E-F GAMING WIFI,AM5,ATX
Asus PRIME B760-PLUS D4,LGA1700,ATX
ASRock B660 Steel Legend,LGA1700,ATX
MSI MEG X570 UNIFY,AM4,ATX
Gigabyte Z790 UD AX,LGA1700,ATX
MSI PRO Z690-A WIFI,LGA1700,ATX
Asus ProArt X670E-CREATOR WIFI,AM5,ATX
MSI MAG Z790 TOMAHAWK WIFI DDR4,LGA1700,ATX
Asus ProArt Z790-CREATOR WIFI,LGA1700,ATX
ASRock B650 PRO RS,AM5,ATX
Asus ROG STRIX Z790-H GAMING WIFI,LGA1700,ATX
Gigabyte B550 UD AC,AM4,ATX
Asus ROG STRIX B660-A GAMING WIFI D4,LGA1700,ATX
Asus PRIME Z690-P WIFI,LGA1700,ATX
MSI B450 Gaming Plus MAX,AM4,ATX
ASRock Z790 PRO RS WIFI,LGA1700,ATX
ASRock B650E PG RIPTIDE WIFI,AM5,ATX
Gigabyte Z790 GAMING X AX,LGA1700,ATX
Asus PRIME Z790-P WIFI D4,LGA1700,ATX
Gigabyte Z690 AORUS ELITE AX DDR4,LGA1700,ATX
ASRock X670E PG Lightning,AM5,ATX
MSI PRO Z790-P WIFI DDR4,LGA1700,ATX
Asus TUF Gaming Z590-PLUS WIFI,LGA1200,ATX
ASRock X570 Steel Legend,AM4,ATX
Gigabyte X670E AORUS MASTER (rev. 1.0),AM5,EATX
MSI MEG X670E GODLIKE,AM5,EATX
Asus TUF GAMING Z790-PLUS WIFI D4,LGA1700,ATX
Gigabyte Z790 AORUS MASTER,LGA1700,EATX
Gigabyte Z790 AERO G,LGA1700,ATX
ASRock B650 PG LIGHTNING,AM5,ATX
Gigabyte Z690 UD DDR4,LGA1700,ATX
ASRock B450 Steel Legend,AM4,ATX
MSI Z390-A PRO,LGA1151,ATX
MSI MPG B650 CARBON WIFI,AM5,ATX
Asus PRIME Z690-A,LGA1700,ATX
Asus TUF GAMING B550-PLUS,AM4,ATX
Asus ROG STRIX B650E-E GAMING WIFI,AM5,ATX
ASRock X570 Phantom Gaming 4,AM4,ATX
MSI PRO B550-VC,AM4,ATX
Gigabyte Z790 UD AC,LGA1700,ATX
Asus ROG STRIX Z790-A GAMING WIFI D4,LGA1700,ATX
Asus ROG STRIX Z790-F GAMING WIFI,LGA1700,ATX
Asus ROG STRIX Z390-E GAMING,LGA1151,ATX
Gigabyte Z690 UD AX DDR4,LGA1700,ATX
Asus ROG STRIX Z690-F GAMING WIFI,LGA1700,ATX
Asus ROG STRIX Z590-E GAMING WIFI,LGA1200,ATX
MSI B450 TOMAHAWK,AM4,ATX
ASRock X570 Steel Legend WiFi ax,AM4,ATX
MSI MPG Z690 CARBON WIFI,LGA1700,ATX
Asus PRIME X670-P,AM5,ATX
Asus TUF GAMING Z690-PLUS WIFI,LGA1700,ATX
MSI MEG X670E ACE,AM5,EATX
ASRock B760 Pro RS,LGA1700,ATX
MSI PRO Z690-A DDR4,LGA1700,ATX
ASRock X670E Taichi,AM5,EATX
Asus PRIME B450-PLUS,AM4,ATX
Gigabyte B650 AORUS PRO AX,AM5,ATX
ASRock Z690 STEEL LEGEND/D5,LGA1700,ATX
ASRock Z590 Extreme WiFi 6E,LGA1200,ATX
Asus ROG STRIX X570-E GAMING WIFI II,AM4,ATX
Asus PRIME Z390-P,LGA1151,ATX
Asus ROG STRIX B550-F GAMING (WI-FI),AM4,ATX
MSI Z490-A PRO,LGA1200,ATX
Asus PRIME X570-PRO,AM4,ATX
Asus ROG MAXIMUS Z790 APEX,LGA1700,ATX
MSI MEG Z790 ACE,LGA1700,EATX
Gigabyte Z390 AORUS PRO WIFI,LGA1151,ATX
Asus TUF GAMING B660-PLUS WIFI D4,LGA1700,ATX
Gigabyte X570S AORUS MASTER,AM4,ATX
ASRock X670E Pro RS,AM5,ATX
Asus PRIME X670-P WIFI,AM5,ATX
Asus ROG STRIX B760-F GAMING WIFI,LGA1700,ATX
ASRock Z790 Steel Legend WiFi,LGA1700,ATX
Asus TUF GAMING B550-PRO,AM4,ATX
Asus TUF GAMING B760-PLUS WIFI D4,LGA1700,ATX
Gigabyte A520 AORUS ELITE,AM4,ATX
Asus PRIME X570-P,AM4,ATX
Gigabyte B450 AORUS PRO WIFI (rev. 1.0),AM4,ATX
MSI MPG X570S CARBON MAX WIFI,AM4,ATX
ASRock X670E Taichi Carrara,AM5,EATX
Gigabyte B760 GAMING X DDR4,LGA1700,ATX
MSI PRO B660-A DDR4,LGA1700,ATX
Asus ROG Crosshair VIII Hero (WI-FI),AM4,ATX
Gigabyte Z790 AORUS XTREME,LGA1700,EATX
MSI MPG X570 GAMING PLUS,AM4,ATX
Asus Z170-A,LGA1151,ATX
MSI MPG Z790 EDGE WIFI DDR4,LGA1700,ATX
ASRock Z790 Pro RS,LGA1700,ATX
MSI MPG X570 GAMING EDGE WIFI,AM4,ATX
ASRock H670 PG Riptide,LGA1700,ATX
Asus ROG MAXIMUS Z790 EXTREME,LGA1700,EATX
ASRock B450 Pro4 R2.0,AM4,ATX
Asus TUF GAMING B650-PLUS,AM5,ATX
MSI MPG Z690 FORCE WIFI,LGA1700,ATX
Gigabyte B650 AERO G,AM5,ATX
Asus ROG Strix X570-E Gaming,AM4,ATX
Asus Prime Z590-P WiFi,LGA1200,ATX
Asus ROG STRIX B450-F GAMING II,AM4,ATX
Asus TUF GAMING B450-PLUS II,AM4,ATX
Gigabyte Z690 GAMING X DDR4,LGA1700,ATX
ASRock B650E STEEL LEGEND WIFI,AM5,ATX
Asus ROG MAXIMUS Z690 HERO,LGA1700,ATX
Gigabyte X670E AORUS XTREME (rev. 1.0),AM5,EATX
Asus ROG MAXIMUS Z690 FORMULA,LGA1700,ATX
Gigabyte Z790 AORUS ELITE AX DDR4,LGA1700,ATX
Asus ROG MAXIMUS Z690 APEX,LGA1700,ATX
ASRock B550 Steel Legend,AM4,ATX
Gigabyte B760 DS3H AC DDR4,LGA1700,ATX
MSI Z97-GAMING 5,LGA1150,ATX
Asus STRIX B350-F GAMING,AM4,ATX
ASRock Z790 PG Lightning/D4,LGA1700,ATX
Gigabyte X570 AORUS ELITE,AM4,ATX
Asus PRIME Z690-P D4,LGA1700,ATX
ASRock Z690 Pro RS,LGA1700,ATX
Gigabyte B550 VISION D-P,AM4,ATX
Asus ROG STRIX Z690-A GAMING WIFI,LGA1700,ATX
ASRock Z690 Phantom Gaming 4,LGA1700,ATX
ASRock Z590 Steel Legend,LGA1200,ATX
Asus ROG STRIX Z490-E GAMING,LGA1200,ATX
ASRock Z690 Steel Legend,LGA1700,ATX
Asus ROG STRIX B760-A GAMING WIFI,LGA1700,ATX
ASRock B550 PG Velocita,AM4,ATX
MSI Z370-A PRO,LGA1151,ATX
Asus ROG MAXIMUS Z690 EXTREME,LGA1700,EATX
MSI B450 TOMAHAWK MAX II,AM4,ATX
MSI MPG B550 GAMING EDGE WIFI,AM4,ATX
ASRock X570 Pro4,AM4,ATX
Asus TUF GAMING H670-PRO WIFI D4,LGA1700,ATX
Gigabyte B450 AORUS ELITE,AM4,ATX
Asus Prime X470-Pro,AM4,ATX
Gigabyte Z590 VISION G,LGA1200,ATX
ASRock X570 Taichi,AM4,ATX
MSI B450-A PRO MAX,AM4,ATX
Gigabyte B650E AORUS MASTER,AM5,ATX
MSI MPG Z390 GAMING EDGE AC,LGA1151,ATX
MSI PRO B760-P WIFI,LGA1700,ATX
Gigabyte X670 GAMING X AX (rev. 1.0),AM5,ATX
Asus PRIME Z270-A,LGA1151,ATX
MSI MAG X570 TOMAHAWK WIFI,AM4,ATX
Asus TUF GAMING X570-PLUS,AM4,ATX
Gigabyte B660 DS3H AX DDR4,LGA1700,ATX
Asus TUF GAMING B760-PLUS WIFI,LGA1700,ATX
Gigabyte X570 AORUS ELITE WIFI,AM4,ATX
MSI MPG Z390 GAMING PLUS,LGA1151,ATX
ASRock B550 Extreme4,AM4,ATX
ASRock Z590 Pro4,LGA1200,ATX
Asus TUF GAMING X670E-PLUS,AM5,ATX
MSI X570-A PRO,AM4,ATX
Gigabyte Z690 AERO G DDR4,LGA1700,ATX
Asus ROG MAXIMUS XI HERO (WI-FI),LGA1151,ATX
MSI X470 GAMING PLUS MAX,AM4,ATX
ASRock B660 Pro RS,LGA1700,ATX
Asus PRIME H770-PLUS D4,LGA1700,ATX
MSI B650 GAMING PLUS WIFI,AM5,ATX
MSI PRO Z790-A WIFI DDR4,LGA1700,ATX
Gigabyte Z390 UD,LGA1151,ATX
Asus PRIME Z590-P,LGA1200,ATX
ASRock Z790 PG SONIC,LGA1700,ATX
Gigabyte Z790 D DDR4,LGA1700,ATX
ASRock Z77 Extreme4,LGA1155,ATX
ASRock B450 Pro4,AM4,ATX
Asus ROG Strix X570-F Gaming,AM4,ATX
Asus PROART B650-CREATOR,AM5,ATX
Asus Strix B550-XE Gaming WiFi,AM4,ATX
Gigabyte X570S AERO G,AM4,ATX
Gigabyte B550 AORUS PRO AC,AM4,ATX
ASRock Z690 Steel Legend WiFi 6E,LGA1700,ATX
Gigabyte B760 GAMING X,LGA1700,ATX
Gigabyte B550 AORUS PRO V2,AM4,ATX
MSI PRO Z690-A,LGA1700,ATX
Asus Prime Z370-A,LGA1151,ATX
MSI Z590-A PRO,LGA1200,ATX
ASRock B650E TAICHI,AM5,EATX
Asus PRIME Z590-A,LGA1200,ATX
ASRock Z790 Pro RS/D4,LGA1700,ATX
Asus ROG Crosshair VIII Hero,AM4,ATX
Gigabyte Z690 AERO G,LGA1700,ATX
ASRock Z690 Extreme WiFi 6E,LGA1700,ATX
Gigabyte B550 AORUS MASTER,AM4,ATX
Gigabyte B660 GAMING X AX DDR4,LGA1700,ATX
Gigabyte B760 DS3H AX DDR4,LGA1700,ATX
ASRock Z790 Taichi Carrara,LGA1700,EATX
MSI MPG Z590 GAMING PLUS,LGA1200,ATX
Asus ROG STRIX Z370-E GAMING,LGA1151,ATX
MSI B450 GAMING PRO CARBON AC,AM4,ATX
ASRock X570 PG Velocita,AM4,ATX
Gigabyte Z690 AORUS MASTER,LGA1700,EATX
ASRock B550 Taichi,AM4,ATX
Gigabyte Z790 AORUS ELITE AX-W,LGA1700,ATX
ASRock B650 LiveMixer,AM5,ATX
MSI B350 TOMAHAWK,AM4,ATX
Asus ROG Crosshair VIII Extreme,AM4,EATX
ASRock Z790 Taichi,LGA1700,EATX
Asus ROG STRIX B550-E GAMING,AM4,ATX
Asus ROG STRIX B660-F GAMING WIFI,LGA1700,ATX
Gigabyte B550 AORUS ELITE,AM4,ATX
MSI MPG Z690 EDGE WIFI,LGA1700,ATX
Gigabyte X570S UD,AM4,ATX
ASRock Z590 Extreme,LGA1200,ATX
MSI MPG Z390 GAMING PRO CARBON,LGA1151,ATX
Gigabyte B660 DS3H DDR4,LGA1700,ATX
ASRock B760 Pro RS/D4,LGA1700,ATX
Asus Z170 PRO GAMING,LGA1151,ATX
Gigabyte GA-AB350-GAMING 3,AM4,ATX
MSI Z270 GAMING PRO CARBON,LGA1151,ATX
MSI MAG B560 TOMAHAWK WIFI,LGA1200,ATX
MSI MPG X570 GAMING PRO CARBON WIFI,AM4,ATX
MSI MEG Z690 UNIFY,LGA1700,ATX
Gigabyte Z790 UD,LGA1700,ATX
MSI X470 GAMING PLUS,AM4,ATX
Asus ROG MAXIMUS XIII HERO,LGA1200,ATX
Gigabyte X570 AORUS MASTER,AM4,ATX
Asus ROG STRIX X470-F Gaming,AM4,ATX
Asus STRIX Z270-E GAMING,LGA1151,ATX
Gigabyte Z690 AORUS ULTRA,LGA1700,ATX
ASRock Z690 PG Riptide,LGA1700,ATX
ASRock Fatal1ty H370 Performance,LGA1151,ATX
Asus TUF GAMING X570-PRO (WI-FI),AM4,ATX
Gigabyte Z590 AORUS ULTRA,LGA1200,ATX
MSI MEG Z590 UNIFY,LGA1200,ATX
MSI Z590 PRO WIFI,LGA1200,ATX
Asus ROG Strix X299-E Gaming II,LGA2066,ATX
Asus PRIME B350-PLUS,AM4,ATX
Gigabyte Z690 AORUS ELITE DDR4,LGA1700,ATX
MSI B450 GAMING PRO CARBON MAX WIFI,AM4,ATX
Asus PRIME H670-PLUS D4,LGA1700,ATX
Asus TUF B450-PLUS GAMING,AM4,ATX
Gigabyte B550 GAMING X,AM4,ATX
Gigabyte B550 AORUS ELITE AX,AM4,ATX
Asus PRIME B760-PLUS,LGA1700,ATX
Asus Prime X299-A II,LGA2066,ATX
Gigabyte X470 AORUS ULTRA GAMING,AM4,ATX
Asus TUF Z390-PLUS GAMING (WI-FI),LGA1151,ATX
Asus ROG Crosshair VIII Formula,AM4,ATX
MSI MEG Z690 ACE,LGA1700,EATX
ASRock Fatal1ty X370 Gaming K4,AM4,ATX
Gigabyte Z690 AERO D,LGA1700,EATX
MSI MAG Z490 TOMAHAWK,LGA1200,ATX
Asus PRIME Z690-P,LGA1700,ATX
MSI Z270-A PRO,LGA1151,ATX
Asus Z97-A,LGA1150,ATX
Asus ProArt B660-CREATOR D4,LGA1700,ATX
Asus PRIME B560-PLUS,LGA1200,ATX
Gigabyte B760 DS3H,LGA1700,ATX
Asus ROG STRIX Z390-F GAMING,LGA1151,ATX
MSI MEG X570S ACE MAX,AM4,ATX
Asus MAXIMUS VIII FORMULA,LGA1151,ATX
Gigabyte B760 GAMING X AX DDR4,LGA1700,ATX
MSI MEG X570S UNIFY-X MAX,AM4,ATX
Gigabyte Z690 AORUS PRO,LGA1700,ATX
Gigabyte Z590 UD AC,LGA1200,ATX
Asus ROG STRIX Z590-A GAMING WIFI,LGA1200,ATX
Asus TUF GAMING Z690-PLUS D4,LGA1700,ATX
Gigabyte Z790 GAMING X,LGA1700,ATX
Asus ProArt B550-CREATOR,AM4,ATX
MSI MAG Z390 TOMAHAWK,LGA1151,ATX
Asus TUF GAMING Z790-PLUS D4,LGA1700,ATX
MSI Z370 GAMING PLUS,LGA1151,ATX
MSI MPG B550 GAMING CARBON WIFI,AM4,ATX
Asus X99-DELUXE,LGA2011-3,ATX
Asus ROG Crosshair VIII Impact,AM4,Mini DTX
Asus Z590 WIFI GUNDAM EDITION,LGA1200,ATX
ASRock Z690 Extreme,LGA1700,ATX
Gigabyte B760 AORUS ELITE AX DDR4,LGA1700,ATX
Asus PROART B760-CREATOR D4,LGA1700,ATX
MSI Z170A GAMING M5,LGA1151,ATX
Asus TUF GAMING Z590-PLUS,LGA1200,ATX
MSI MPG Z490 GAMING CARBON WIFI,LGA1200,ATX
Gigabyte X570 GAMING X,AM4,ATX
Gigabyte X299X DESIGNARE 10G,LGA2066,EATX
Asus MAXIMUS VIII HERO,LGA1151,ATX
Gigabyte B550 VISION D,AM4,ATX
Asus PRIME Z490-P,LGA1200,ATX
Gigabyte Z790 AORUS ELITE DDR4,LGA1700,ATX
MSI MAG X570S TORPEDO MAX,AM4,ATX
Gigabyte B450 AORUS PRO,AM4,ATX
Asus TUF GAMING B550-PLUS (WI-FI),AM4,ATX
Gigabyte B760 DS3H AX,LGA1700,ATX
MSI MAG Z590 TOMAHAWK WIFI,LGA1200,ATX
ASRock H570 Steel Legend,LGA1200,ATX
ASRock X570 Taichi Razer Edition,AM4,ATX
Gigabyte Z390 GAMING X,LGA1151,ATX
MSI B350 PC MATE,AM4,ATX
ASRock Z390 Pro4,LGA1151,ATX
ASRock X570S PG Riptide,AM4,ATX
Asus PRIME Z270-P,LGA1151,ATX
ASRock Z790 LiveMixer,LGA1700,ATX
Gigabyte X570 AORUS PRO WIFI,AM4,ATX
Asus MAXIMUS Z690 HERO EVA,LGA1700,ATX
Asus Prime Z370-P,LGA1151,ATX
MSI B350 TOMAHAWK ARCTIC,AM4,ATX
ASRock Z690 Taichi,LGA1700,ATX
Gigabyte Z590 AORUS MASTER,LGA1200,ATX
Asus PRIME Z490-A,LGA1200,ATX
Gigabyte Z590 AORUS ELITE AX,LGA1200,ATX
Asus ROG STRIX B560-A GAMING WIFI,LGA1200,ATX
MSI 970 GAMING,AM3+,ATX
ASRock B550 Taichi Razer Edition,AM4,ATX
Gigabyte Z590 AORUS PRO AX,LGA1200,ATX
Asus ROG MAXIMUS XII HERO (WI-FI),LGA1200,ATX
Asus TUF GAMING Z490-PLUS (WI-FI),LGA1200,ATX
ASRock X370 Pro4,AM4,ATX
Asus TUF GAMING H770-PRO WIFI,LGA1700,ATX
Asus ProArt X570-CREATOR WIFI,AM4,ATX
ASRock Z390 Phantom Gaming 4,LGA1151,ATX
Asus PRIME X370-PRO,AM4,ATX
MSI B450 Gaming Plus,AM4,ATX
Gigabyte Z370P D3,LGA1151,ATX
ASRock B365 Phantom Gaming 4,LGA1151,ATX
MSI MPG Z590 GAMING FORCE,LGA1200,ATX
Asus ProArt Z690-CREATOR WIFI,LGA1700,ATX
ASRock AB350 Pro4,AM4,ATX
MSI Z790 GAMING PRO WIFI,LGA1700,ATX
Gigabyte Z690 AORUS XTREME,LGA1700,EATX
Asus M5A97 R2.0,AM3+,ATX
Gigabyte X570 AORUS ULTRA,AM4,ATX
Gigabyte B660 GAMING X DDR4,LGA1700,ATX
ASRock Z590 Steel Legend WiFi 6E,LGA1200,ATX
Gigabyte Z390 AORUS ELITE,LGA1151,ATX
Gigabyte Z390 AORUS ULTRA,LGA1151,ATX
Gigabyte B560 DS3H AC,LGA1200,ATX
ASRock X370 Taichi,AM4,ATX
Asus PRIME B550-PLUS AC-HES,AM4,ATX
Asus MAXIMUS VII HERO,LGA1150,ATX
Asus X99-WS/IPMI,LGA2011-3,ATX
Gigabyte Z390 AORUS MASTER,LGA1151,ATX
ASRock H670 Steel Legend,LGA1700,ATX
Gigabyte B560 AORUS PRO AX,LGA1200,ATX
MSI MEG Z690 UNIFY-X,LGA1700,ATX
Asus TUF GAMING X570-PRO WIFI II,AM4,ATX
Asus WS C246 PRO,LGA1151,ATX
MSI PRO B760-VC WIFI,LGA1700,ATX
Asus CROSSHAIR VI HERO,AM4,ATX
MSI MPG Z590 GAMING CARBON WIFI,LGA1200,ATX
Asus P8Z77-V PRO,LGA1155,ATX
Asus MAXIMUS IX HERO,LGA1151,ATX
Gigabyte X570 AORUS XTREME,AM4,EATX
MSI Z270 SLI PLUS,LGA1151,ATX
Asus ROG STRIX B660-A GAMING WIFI,LGA1700,ATX
MSI X370 GAMING PRO CARBON,AM4,ATX
Gigabyte X570 UD,AM4,ATX
Gigabyte B660 AORUS Master DDR4,LGA1700,ATX
Asus ROG MAXIMUS X HERO (WI-FI AC),LGA1151,ATX
ASRock Z370 Extreme4,LGA1151,ATX
MSI MEG X570 ACE,AM4,ATX
Gigabyte GA-Z170X-UD5,LGA1151,ATX
MSI MEG Z390 GODLIKE,LGA1151,EATX
MSI X99A SLI PLUS,LGA2011-3,ATX
Asus Sabertooth 990FX R2.0,AM3+,ATX
Gigabyte Z690 GAMING X,LGA1700,ATX
MSI Z97 PC MATE,LGA1150,ATX
Asus STRIX Z270F,LGA1151,ATX
ASRock Z370 Pro4,LGA1151,ATX
Gigabyte Z590 UD,LGA1200,ATX
Asus Sabertooth X79,LGA2011,ATX
Asus TUF GAMING B560-PLUS WIFI,LGA1200,ATX
ASRock Z390 Phantom Gaming 4S,LGA1151,ATX
MSI Z97S SLI Krait Edition,LGA1150,ATX
Asus ROG STRIX Z370-F GAMING,LGA1151,ATX
Asus ROG MAXIMUS XI FORMULA,LGA1151,ATX
MSI MAG B560 TORPEDO,LGA1200,ATX
Gigabyte GA-Z97X-SLI,LGA1150,ATX
Gigabyte Z390 AORUS PRO,LGA1151,ATX
Asus ROG Crosshair VII Hero,AM4,ATX
Asus ROG STRIX Z590-F GAMING WIFI,LGA1200,ATX
Gigabyte Z490 VISION G,LGA1200,ATX
Gigabyte B550 AORUS PRO,AM4,ATX
ASRock X370 KILLER SLI/ac,AM4,ATX
MSI B360 GAMING PLUS,LGA1151,ATX
MSI X470 GAMING PRO CARBON,AM4,ATX
Gigabyte Z370 AORUS Gaming 7 (rev. 1.0),LGA1151,ATX
MSI MEG B550 UNIFY,AM4,ATX
MSI B450-A PRO,AM4,ATX
ASRock B560 Steel Legend,LGA1200,ATX
MSI MAG B660 TOMAHAWK WIFI,LGA1700,ATX
MSI MPG Z390 GAMING PRO CARBON AC,LGA1151,ATX
MSI MEG X570 GODLIKE,AM4,EATX
Gigabyte X299 UD4 Pro,LGA2066,ATX
Gigabyte GA-Z170X-Gaming 7,LGA1151,ATX
Asus PRIME H310-PLUS,LGA1151,ATX
Asus STRIX X370-F GAMING,AM4,ATX
Gigabyte B450 Gaming X,AM4,ATX
MSI MPG Z590 GAMING EDGE WIFI,LGA1200,ATX
MSI Z87-G45 Gaming,LGA1150,ATX
ASRock Fatal1ty B450 GAMING K4,AM4,ATX
Asus TUF Z370 Plus Gaming,LGA1151,ATX
MSI B150 Gaming M3,LGA1151,ATX
Asus TUF X470-PLUS GAMING,AM4,ATX
Asus M5A99FX PRO R2.0,AM3+,ATX
Gigabyte GA-970A-DS3P,AM3+,ATX
Asus ProArt B760-CREATOR,LGA1700,ATX
Gigabyte Z790 AORUS TACHYON,LGA1700,EATX
Asus Z87-Pro,LGA1150,ATX
Gigabyte B560 HD3,LGA1200,ATX
Asus ROG STRIX Z390-H GAMING,LGA1151,ATX
ASRock B550 PG Riptide,AM4,ATX
Gigabyte Z370 AORUS Gaming 5 (rev. 1.0),LGA1151,ATX
Gigabyte Z590 VISION D,LGA1200,ATX
Asus H170-PRO,LGA1151,ATX
MSI MEG Z390 ACE,LGA1151,ATX
Gigabyte B660 DS3H AC DDR4,LGA1700,ATX
Gigabyte GA-AB350-Gaming,AM4,ATX
ASRock X570 Creator,AM4,ATX
MSI MEG B550 UNIFY-X,AM4,ATX
Asus Sabertooth Z77,LGA1155,ATX
Gigabyte Z590 AORUS ELITE,LGA1200,ATX
Asus Z170-P,LGA1151,ATX
Gigabyte Z490 AORUS ELITE AC,LGA1200,ATX
ASRock B560 Pro4,LGA1200,ATX
ASRock X470 Taichi,AM4,ATX
Gigabyte Z490 AORUS PRO AX,LGA1200,ATX
ASRock Z690 Taichi Razer Edition,LGA1700,ATX
Gigabyte X570 AORUS PRO,AM4,ATX
ASRock Z590 PG Velocita,LGA1200,ATX
Asus Z170-E,LGA1151,ATX
MSI Z370 GAMING PRO CARBON,LGA1151,ATX
Asus ROG STRIX Z490-F GAMING,LGA1200,ATX
Asus PRIME B460-PLUS,LGA1200,ATX
Asus ROG STRIX B360-F GAMING,LGA1151,ATX
Asus H110-PLUS,LGA1151,ATX
MSI B350 GAMING PLUS,AM4,ATX
MSI PRO Z790-P DDR4,LGA1700,ATX
Asus X99-A,LGA2011-3,ATX
Asus ROG MAXIMUS XII FORMULA,LGA1200,ATX
Asus PRIME Z370-A II,LGA1151,ATX
Gigabyte X570S AORUS PRO AX,AM4,ATX
Gigabyte B360 AORUS Gaming 3 WIFI,LGA1151,ATX
Asus TUF Z390-PRO GAMING,LGA1151,ATX
MSI MAG Z690 TORPEDO,LGA1700,ATX
Gigabyte Z690 UD AX,LGA1700,ATX
Gigabyte Z370 HD3 (rev. 1.0),LGA1151,ATX
MSI Z170A GAMING M7,LGA1151,ATX
MSI MEG Z490 UNIFY,LGA1200,ATX
Asus Sabertooth Z87,LGA1150,ATX
Gigabyte X470 AORUS GAMING 7 WIFI,AM4,ATX
ASRock Z690 Phantom Gaming 4/D5,LGA1700,ATX
Gigabyte X470 AORUS GAMING 5 WIFI,AM4,ATX
MSI MAG B460 TOMAHAWK,LGA1200,ATX
MSI MEG Z690 GODLIKE,LGA1700,EATX
Asus ROG Strix Z370-H Gaming,LGA1151,ATX
MSI B360 GAMING ARCTIC,LGA1151,ATX
Gigabyte B365 HD3,LGA1151,ATX
Asus P8Z77-V LX,LGA1155,ATX
ASRock Z270 Killer SLI/ac,LGA1151,ATX
Asus PRIME Z370-P II,LGA1151,ATX
Asus STRIX Z270H,LGA1151,ATX
Gigabyte B660 AORUS Master,LGA1700,ATX
MSI Z170A PC MATE,LGA1151,ATX
Asus ROG STRIX X99 GAMING,LGA2011-3,ATX
MSI Z370 SLI PLUS,LGA1151,ATX
Asus ROG Crosshair VII Hero (Wi-Fi),AM4,ATX
MSI X470 GAMING PRO,AM4,ATX
Asus PRIME X670-P WIFI-CSM,AM5,ATX
Gigabyte GA-AX370-GAMING 5,AM4,ATX
MSI MEG Z590 ACE,LGA1200,ATX
Gigabyte Z690 AORUS PRO DDR4,LGA1700,ATX
Asus Crosshair V Formula-Z,AM3+,ATX
Asus ROG Strix H370-F Gaming,LGA1151,ATX
Gigabyte GA-AX370-Gaming K7,AM4,ATX
ASRock Z590 OC Formula,LGA1200,EATX
Asus Pro WS X570-ACE,AM4,ATX
MSI PRO B550-P GEN3,AM4,ATX
Asus ROG MAXIMUS VIII HERO ALPHA,LGA1151,ATX
MSI X370 GAMING PLUS,AM4,ATX
Asus ROG STRIX B560-F GAMING WIFI,LGA1200,ATX
Asus CROSSHAIR VI HERO (WI-FI AC),AM4,ATX
ASRock X470 Master SLI/AC,AM4,ATX
Asus TUF Z270 MARK 2,LGA1151,ATX
MSI MEG Z490 ACE,LGA1200,ATX
MSI Z270 GAMING M3,LGA1151,ATX
Gigabyte X570S AORUS ELITE,AM4,ATX
Asus STRIX B250F GAMING,LGA1151,ATX
Asus ROG MAXIMUS XI HERO,LGA1151,ATX
Asus TUF GAMING Z490-PLUS,LGA1200,ATX
MSI Z170-A PRO,LGA1151,ATX
Asus PRIME X670E-PRO WIFI-CSM,AM5,ATX
Gigabyte GA-Z170XP-SLI,LGA1151,ATX
Asus H170 PRO GAMING,LGA1151,ATX
Gigabyte GA-990FXA-UD3,AM3+,ATX
Gigabyte GA-Z170X-Gaming 3,LGA1151,ATX
Gigabyte GA-Z170-HD3,LGA1151,ATX
MSI Z170A KRAIT GAMING 3X,LGA1151,ATX
MSI MEG Z590 UNIFY-X,LGA1200,ATX
Gigabyte GA-Z270X-Ultra Gaming,LGA1151,ATX
Asus TUF B450-Pro Gaming,AM4,ATX
Gigabyte B650 AORUS ELITE,AM5,ATX
Gigabyte H370 AORUS Gaming 3 WIFI,LGA1151,ATX
ASRock X570 Phantom Gaming X,AM4,ATX
Asus Z170-AR,LGA1151,ATX
Asus X99-A II,LGA2011-3,ATX
MSI Z170A GAMING PRO CARBON,LGA1151,ATX
Gigabyte X670 AORUS ELITE AX (rev. 1.1),AM5,ATX
Gigabyte GA-Z270P-D3,LGA1151,ATX
Asus ROG STRIX B450-E GAMING,AM4,ATX
Gigabyte X570S GAMING X,AM4,ATX
Gigabyte Z490 AORUS ELITE,LGA1200,ATX
ASRock Z370 Killer SLI/ac,LGA1151,ATX
Gigabyte Z490 GAMING X,LGA1200,ATX
Asus TUF H370-Pro Gaming (WI-FI),LGA1151,ATX
ASRock X99 Extreme4,LGA2011-3,ATX
ASRock Z590-C/ac,LGA1200,ATX
Asus PRIME Z590-V,LGA1200,ATX
Asus TUF GAMING H570-PRO WIFI,LGA1200,ATX
Gigabyte Z490 AORUS MASTER,LGA1200,ATX
Asus ROG Maximus XIII Extreme,LGA1200,EATX
Asus Z97-K/CSM,LGA1150,ATX
Gigabyte GA-Z97X-Gaming 3,LGA1150,ATX
Asus Z97 PRO GAMER,LGA1150,ATX
MSI B250 PC MATE,LGA1151,ATX
Asus PRIME H270-PLUS-CSM,LGA1151,ATX
Asus ROG MAXIMUS X HERO,LGA1151,ATX
ASRock B365 Pro4,LGA1151,ATX
Gigabyte GA-Z77X-UD3H,LGA1155,ATX
Asus Maximus VI Hero,LGA1150,ATX
MSI Z170A SLI PLUS,LGA1151,ATX
Asus TUF GAMING B460-PLUS,LGA1200,ATX
ASRock X570 Phantom Gaming 4 WiFi ax,AM4,ATX
Asus Z87-A,LGA1150,ATX
ASRock X570 Extreme4,AM4,ATX
ASRock X299 Taichi CLX,LGA2066,ATX
Asus ROG STRIX B460-H GAMING,LGA1200,ATX
Asus RAMPAGE V EXTREME,LGA2011-3,EATX
MSI 990FXA-GAMING,AM3+/AM3,ATX
MSI Z370 TOMAHAWK,LGA1151,ATX
MSI Z370 GAMING PRO CARBON AC,LGA1151,ATX
Asus Prime B360-Plus,LGA1151,ATX
Gigabyte GA-Z170-HD3P,LGA1151,ATX
Asus STRIX H270F GAMING,LGA1151,ATX
Asus ROG STRIX B360-H GAMING,LGA1151,ATX
Gigabyte Z590 GAMING X,LGA1200,ATX
Asus P8Z77-V LK,LGA1155,ATX
Asus Rampage IV Black Edition,LGA2011,EATX
ASRock Z97 Extreme4,LGA1150,ATX
Asus Z97-P,LGA1150,ATX
Gigabyte GA-Z97P-D3,LGA1150,ATX
ASRock X570 Phantom Gaming 4S,AM4,ATX
Asus Z170-DELUXE,LGA1151,ATX
ASRock Z97 Anniversary,LGA1150,ATX
Asus 970 PRO GAMING/AURA,AM3+,ATX
Asus Rampage V Edition 10,LGA2011-3,EATX
MSI Z270 GAMING M5,LGA1151,ATX
Asus ROG STRIX Z490-A GAMING,LGA1200,ATX
MSI Z97-G45 Gaming,LGA1150,ATX
MSI Z270 PC MATE,LGA1151,ATX
MSI B360-A PRO,LGA1151,ATX
MSI Z77A-G43,LGA1155,ATX
MSI MEG X299 CREATION,LGA2066,EATX
Gigabyte B550 AORUS PRO AX,AM4,ATX
MSI MEG Z490 GODLIKE,LGA1200,EATX
Gigabyte MW50-SV0,LGA2011-3,ATX
Asus SABERTOOTH X99,LGA2011-3,ATX
ASRock C246 WS,LGA1151,ATX
MSI MAG B550 TORPEDO,AM4,ATX
Asus STRIX X299-E GAMING,LGA2066,ATX
ASRock Z97 Extreme6,LGA1150,ATX
Asus Z170-K,LGA1151,ATX
Gigabyte B360 HD3,LGA1151,ATX
Gigabyte GA-Z97X-Gaming 5,LGA1150,ATX
Asus MAXIMUS VIII RANGER,LGA1151,ATX
Gigabyte GA-Z170X-Gaming 5,LGA1151,ATX
ASRock 970A-G/3.1,AM3+/AM3,ATX
MSI MEG Z590 GODLIKE,LGA1200,EATX
MSI MEG Z590 ACE GOLD EDITION,LGA1200,ATX
Asus ROG MAXIMUS XII EXTREME,LGA1200,EATX
Gigabyte Z490 UD,LGA1200,ATX
MSI Z370 GAMING M5,LGA1151,ATX
Asus TUF GAMING A620-PRO WIFI,AM5,ATX
ASRock X299 Steel Legend,LGA2066,ATX
MSI Z270 CAMO SQUAD,LGA1151,ATX
Asus P5QProTurbo,LGA775,ATX
Asus P8Z68-V PRO/GEN3,LGA1155,ATX
Gigabyte GA-Z77X-UD5H,LGA1155,ATX
Gigabyte GA-Z97-HD3,LGA1150,ATX
Asus TUF B360-PRO GAMING,LGA1151,ATX
MSI MAG B460 TORPEDO,LGA1200,ATX
Gigabyte GA-Z170-HD3 DDR3,LGA1151,ATX
Gigabyte GA-H170-GAMING 3,LGA1151,ATX
Asus TUF X299 MARK 2,LGA2066,ATX
Asus PRIME B560-PLUS AC-HES,LGA1200,ATX
Gigabyte Z590 AORUS XTREME,LGA1200,EATX
Asus PRIME X670-P-CSM,AM5,ATX
Asus TUF Z370 Pro Gaming,LGA1151,ATX
ASRock Z390 Taichi,LGA1151,ATX
Asus TUF Z390-PLUS GAMING,LGA1151,ATX
Asus PRIME Z490-V,LGA1200,ATX
MSI MAG B660 TOMAHAWK EVA e-PROJECT,LGA1700,ATX
Asus TUF Z370-Plus Gaming II,LGA1151,ATX
Gigabyte B760 AORUS MASTER DDR4,LGA1700,ATX
Gigabyte B660-AORUS-ELITE-AX-DDR4,LGA1700,ATX
ASRock Z590 Phantom Gaming 4,LGA1200,ATX
Asus Z97-PRO(Wi-Fi ac),LGA1150,ATX
Asus Z97-A/USB 3.1,LGA1150,ATX
MSI Z270 GAMING M7,LGA1151,ATX
Gigabyte GA-H110-D3A,LGA1151,ATX
Asus ROG MAXIMUS XI CODE,LGA1151,ATX
Asus ROG STRIX B365-F GAMING,LGA1151,ATX
MSI Z170A GAMING M3,LGA1151,ATX
Asus SABERTOOTH Z170 S,LGA1151,ATX
MSI Z270 TOMAHAWK ARCTIC,LGA1151,ATX
Gigabyte Z390 DESIGNARE,LGA1151,ATX
Asus PRIME Z270-AR,LGA1151,ATX
Asus Sabertooth X58,LGA1366,ATX
Gigabyte GA-Z77-D3H,LGA1155,ATX
Asus Z97-AR,LGA1150,ATX
Asus MAXIMUS IX FORMULA,LGA1151,ATX
ASRock Z270 Extreme4,LGA1151,ATX
MSI X470 GAMING PRO MAX,AM4,ATX
ASRock Fatal1ty AB350 Gaming K4,AM4,ATX
MSI B85-G43 GAMING,LGA1150,ATX
Gigabyte Z370XP SLI (rev. 1.0),LGA1151,ATX
MSI MAG Z590 TORPEDO,LGA1200,ATX
Asus M5A97 LE R2.0,AM3+,ATX
Gigabyte GA-Z97X-GAMING 7,LGA1150,ATX
ASRock Z170 Pro4S,LGA1151,ATX
MSI B150 PC Mate,LGA1151,ATX
Asus B150 PRO GAMING/AURA,LGA1151,ATX
Gigabyte GA-Z270-Gaming K3,LGA1151,ATX
MSI Z370 PC PRO,LGA1151,ATX
Gigabyte Z370 AORUS Ultra Gaming (rev. 1.0),LGA1151,ATX
ASRock B760 Pro RS WiFi,LGA1700,ATX
Asus ROG STRIX B460-F GAMING,LGA1200,ATX
Gigabyte Z490 UD AC,LGA1200,ATX
MSI X370 XPOWER GAMING TITANIUM,AM4,ATX
Gigabyte GA-Z97X-UD3H,LGA1150,ATX
MSI Z97-Gaming 3,LGA1150,ATX
MSI H170 Gaming M3,LGA1151,ATX
ASRock Z690 PG Velocita,LGA1700,ATX
MSI Z97-GAMING 7,LGA1150,ATX
Asus Z170 PRO GAMING/AURA,LGA1151,ATX
Asus MAXIMUS IX CODE,LGA1151,ATX
Asus PRIME B250-PLUS,LGA1151,ATX
MSI Z270 TOMAHAWK,LGA1151,ATX
MSI X299 RAIDER,LGA2066,ATX
MSI Z270 GAMING PLUS,LGA1151,ATX
MSI B350 TOMAHAWK PLUS,AM4,ATX
Asus H97-PLUS,LGA1150,ATX
MSI X99S SLI Plus,LGA2011-3,ATX
MSI X370 SLI PLUS,AM4,ATX
Gigabyte GA-AX370-Gaming K5,AM4,ATX
Gigabyte GA-AX370-Gaming,AM4,ATX
Gigabyte GA-Z87-HD3,LGA1150,ATX
Asus Z97-PRO,LGA1150,ATX
Asus X99-DELUXE II,LGA2011-3,ATX
Gigabyte Z690 AORUS ELITE,LGA1700,ATX
Gigabyte Z490 AORUS ULTRA,LGA1200,ATX
Asus PRIME H270-PRO,LGA1151,ATX
Asus PRIME X570-P/CSM,AM4,ATX
MSI PRO Z790-P,LGA1700,ATX
ASRock X470 Master SLI,AM4,ATX
Gigabyte Z690 UD,LGA1700,ATX
Gigabyte GA-P61-USB3-B3,LGA1155,ATX
Asus Z87-K,LGA1150,ATX
Asus H97-PRO GAMER,LGA1150,ATX
MSI B350 GAMING PRO CARBON,AM4,ATX
MSI X299 TOMAHAWK ARCTIC,LGA2066,ATX
ASRock Z370 Taichi,LGA1151,ATX
Asus TUF B360-Plus Gaming,LGA1151,ATX
ASRock Fatal1ty Z370 Gaming K6,LGA1151,ATX
Asus P9X79 PRO,LGA2011,ATX
ASRock B460 Phantom Gaming 4,LGA1200,ATX
ASRock Z490 Phantom Gaming 4,LGA1200,ATX
MSI 970A-G46,AM3+,ATX
Asus P8Z77-V,LGA1155,ATX
ASRock 990FX Extreme9,AM3+,ATX
ASRock H81 Pro BTC,LGA1150,ATX
ASRock Z97 Pro4,LGA1150,ATX
Asus B150 PRO GAMING D3,LGA1151,ATX
ASRock Fatal1ty Z270 Gaming K6,LGA1151,ATX
Gigabyte GA-AX370-Gaming 3,AM4,ATX
ASRock B360 Pro4,LGA1151,ATX
ASRock Fatal1ty X470 Gaming K4,AM4,ATX
Asus ROG Maximus XIII Apex,LGA1200,ATX
Asus PRIME X299-A,LGA2066,ATX
Asus SABERTOOTH Z170 MARK 1,LGA1151,ATX
Gigabyte Z370 AORUS ULTRA GAMING WIFI,LGA1151,ATX
ASRock Z390 STEEL LEGEND,LGA1151,ATX
MSI Creator X299,LGA2066,EATX
Asus WS X299 PRO,LGA2066,ATX
ASRock X99 Extreme11,LGA2011-3,EATX
Gigabyte Z790 AORUS ELITE,LGA1700,ATX
Gigabyte B460 AORUS PRO AC,LGA1200,ATX
Gigabyte GA-X58A-UD3R,LGA1366,ATX
MSI Z87-GD65 Gaming,LGA1150,ATX
Gigabyte GA-970A-UD3P,AM3+,ATX
Gigabyte Z370 AORUS Gaming 3 (rev. 1.0),LGA1151,ATX
ASRock Z390 Phantom Gaming SLI/ac,LGA1151,ATX
ASRock Z490 Steel Legend,LGA1200,ATX
Gigabyte GA-Z270X-UD3,LGA1151,ATX
MSI Z97 Guard-Pro,LGA1150,ATX
Asus PRIME B650-PLUS-CSM,AM5,ATX
MSI 970A-G43,AM3+,ATX
MSI B85-G41 PC Mate,LGA1150,ATX
Gigabyte GA-970A-D3P,AM3+/AM3,ATX
Gigabyte GA-Z97-D3H,LGA1150,ATX
MSI X99A Raider,LGA2011-3,ATX
Gigabyte GA-EP45-UD3R,LGA775,ATX
Asus STRIX B250H Gaming,LGA1151,ATX
MSI X299 SLI PLUS,LGA2066,ATX
Asus ROG MAXIMUS X CODE,LGA1151,ATX
MSI PRESTIGE X570 CREATION,AM4,EATX
Gigabyte B460 HD3,LGA1200,ATX
Asus PRIME H570-PLUS,LGA1200,ATX
Asus M5A99X EVO R2.0,AM3+,ATX
MSI X99A GAMING 7,LGA2011-3,ATX
Asus X99-A/USB 3.1,LGA2011-3,ATX
Asus PRIME Z270-K,LGA1151,ATX
Gigabyte GA-H270-HD3,LGA1151,ATX
MSI Z270 GAMING PRO,LGA1151,ATX
MSI MAG H670 TOMAHAWK WIFI DDR4,LGA1700,ATX
Gigabyte GA-X58A-UD7,LGA1366,ATX
Asus ROG Rampage VI Extreme Encore,LGA2066,EATX
Gigabyte GA-P55A-UD3,LGA1156,ATX
Asus P8Z68-V LX,LGA1155,ATX
Asus P9X79 LE,LGA2011,ATX
Gigabyte GA-Z87X-UD3H,LGA1150,ATX
Gigabyte GA-Z97X-UD5H,LGA1150,ATX
Gigabyte GA-B250-HD3,LGA1151,ATX
Gigabyte GA-Z270X-Gaming K5,LGA1151,ATX
ASRock Z490 Taichi,LGA1200,ATX
Asus ROG MAXIMUS XII APEX,LGA1200,ATX
Asus ProART Z490-CREATOR 10G,LGA1200,ATX
ASRock Z77 Pro3,LGA1155,ATX
MSI H97 PC MATE,LGA1150,ATX
ASRock H97 Anniversary,LGA1150,ATX
ASRock Z97 Killer/3.1,LGA1150,ATX
Asus TUF Z270 MARK 1,LGA1151,ATX
Gigabyte C246-WU4,LGA1151,ATX
Gigabyte GA-Z270-HD3,LGA1151,ATX
ASRock X79 Extreme4,LGA2011,ATX
MSI Z77A-G45,LGA1155,ATX
Asus Maximus VI Formula,LGA1150,ATX
Asus X79 Deluxe,LGA2011,ATX
Asus H81-PLUS,LGA1150,ATX
Asus SABERTOOTH Z97 MARK S,LGA1150,ATX
MSI X99A GAMING PRO CARBON,LGA2011-3,ATX
Asus PRIME X370-A,AM4,ATX
Gigabyte Z370 HD3P (rev. 1.0),LGA1151,ATX
ASRock Z790-C,LGA1700,ATX
MSI B550-A PRO (CEC),AM4,ATX
ASRock X370 Killer SLI,AM4,ATX
MSI Z87-G43,LGA1150,ATX
Gigabyte GA-H97-D3H,LGA1150,ATX
Asus MAXIMUS VII RANGER,LGA1150,ATX
MSI Z170A KRAIT GAMING,LGA1151,ATX
MSI Z170A GAMING PRO,LGA1151,ATX
MSI Z170A XPOWER GAMING TITANIUM EDITION,LGA1151,ATX
Asus Z170-PRO,LGA1151,ATX
Gigabyte G1.Sniper B7,LGA1151,ATX
Gigabyte GA-X99-Ultra Gaming,LGA2011-3,ATX
ASRock Z170 Extreme4,LGA1151,ATX
ASRock H270 Pro4,LGA1151,ATX
Asus PRIME X299-DELUXE,LGA2066,ATX
Gigabyte Z370 AORUS GAMING WIFI (rev. 1.0),LGA1151,ATX
MSI X470 GAMING M7 AC,AM4,ATX
ASRock X470 Taichi Ultimate,AM4,ATX
Asus Prime X299-Deluxe II,LGA2066,ATX
Asus P6T,LGA1366,ATX
Asus B85-PLUS,LGA1150,ATX
ASRock Z87 Extreme4,LGA1150,ATX
ASRock Fatal1ty X99X Killer,LGA2011-3,ATX
Gigabyte GA-X99-SLI,LGA2011-3,ATX
Gigabyte GA-Z170-Gaming K3,LGA1151,ATX
Gigabyte GA-H270-Gaming 3,LGA1151,ATX
Gigabyte Z690 AORUS ELITE AX DDR4 V2,LGA1700,ATX
ASRock Z68 Extreme3 Gen3,LGA1155,ATX
Gigabyte GA-H97-GAMING 3,LGA1150,ATX
Asus Z97-E,LGA1150,ATX
MSI Z170A TOMAHAWK,LGA1151,ATX
ASRock X99 Taichi,LGA2011-3,ATX
MSI H270 TOMAHAWK ARCTIC,LGA1151,ATX
Gigabyte H370 HD3,LGA1151,ATX
ASRock Z490 Pro4,LGA1200,ATX
Asus ROG STRIX B560-E GAMING WIFI,LGA1200,ATX
Asus ROG STRIX Z490-H GAMING,LGA1200,ATX
Asus MAXIMUS VII FORMULA,LGA1150,ATX
Gigabyte GA-Z170X-UD3,LGA1151,ATX
Gigabyte GA-Z270X-Gaming 7,LGA1151,ATX
MSI X370 GAMING PRO,AM4,ATX
Asus ROG MAXIMUS X FORMULA,LGA1151,ATX
Asus Prime H370-Plus,LGA1151,ATX
Asus TUF H310-Plus Gaming,LGA1151,ATX
ASRock Z390 Extreme4,LGA1151,ATX
Gigabyte Z390 D,LGA1151,ATX
Gigabyte GA-X79-UD3,LGA2011,ATX
Gigabyte GA-Z77-DS3H,LGA1155,ATX
Gigabyte GA-Z77X-D3H,LGA1155,ATX
Asus TUF SABERTOOTH 990FX R3.0,AM3+/AM3,ATX
Gigabyte GA-Z270XP-SLI,LGA1151,ATX
ASRock B250 Pro4,LGA1151,ATX
Asus TUF X299 MARK 1,LGA2066,ATX
ASRock X299 Taichi,LGA2066,ATX
Gigabyte Z370 AORUS ULTRA GAMING 2.0,LGA1151,ATX
Gigabyte Z390 GAMING SLI,LGA1151,ATX
Asus WS Z390 PRO,LGA1151,ATX
Gigabyte H470 HD3,LGA1200,ATX
Gigabyte Z690 UD AX DDR4 V2,LGA1700,ATX
Asus Rampage IV Extreme,LGA2011,EATX
ASRock Z75 Pro3,LGA1155,ATX
Gigabyte GA-X79-UP4,LGA2011,ATX
MSI H97 GAMING 3,LGA1150,ATX
Gigabyte GA-990FXA-UD3 R5,AM3+,ATX
Gigabyte GA-H170-HD3,LGA1151,ATX
Gigabyte GA-990FX-Gaming,AM3+,ATX
MSI X99A GODLIKE GAMING CARBON,LGA2011-3,EATX
MSI H370 GAMING PRO CARBON,LGA1151,ATX
Gigabyte B650E AORUS TACHYON,AM5,ATX
Asus P7P55D-E LX,LGA1156,ATX
Asus Rampage III Extreme,LGA1366,ATX
Asus P9X79,LGA2011,ATX
Gigabyte GA-X99-UD4,LGA2011-3,ATX
Asus B85-PRO GAMER,LGA1150,ATX
Gigabyte GA-Z170X-Gaming G1,LGA1151,EATX
MSI Z270 KRAIT GAMING,LGA1151,ATX
ASRock Z270 Pro4,LGA1151,ATX
Asus TUF B360-Pro Gaming (Wi-Fi),LGA1151,ATX
MSI H370 GAMING PLUS,LGA1151,ATX
Gigabyte GA-EP43T-USB3,LGA775,ATX
Gigabyte GA-Z87X-D3H,LGA1150,ATX
Gigabyte GA-Z87X-UD4H,LGA1150,ATX
Asus SABERTOOTH Z97 MARK 1,LGA1150,ATX
Asus Z170-P D3,LGA1151,ATX
Gigabyte GA-Z170X-GAMING 6,LGA1151,ATX
MSI H270 GAMING M3,LGA1151,ATX
MSI B250 GAMING M3,LGA1151,ATX
Gigabyte GA-Z270-HD3P,LGA1151,ATX
ASRock Fatal1ty B250 Gaming K4,LGA1151,ATX
Asus ROG CROSSHAIR VI EXTREME,AM4,EATX
Gigabyte GA-Z68AP-D3,LGA1155,ATX
Asus TUF GAMING H470-PRO (WI-FI),LGA1200,ATX
MSI Z790 GAMING WIFI,LGA1700,ATX
Gigabyte Z390 AORUS XTREME,LGA1151,EATX
ASRock X299 CREATOR,LGA2066,ATX
Asus P6X58D Premium,LGA1366,ATX
Gigabyte GA-Z68XP-UD3,LGA1155,ATX
MSI Z77A-G41,LGA1155,ATX
MSI Z77 MPOWER,LGA1155,ATX
Asus H87-PLUS,LGA1150,ATX
Asus Z87-Plus,LGA1150,ATX
ASRock H97 Pro4,LGA1150,ATX
Asus X99-PRO/USB 3.1,LGA2011-3,ATX
ASRock Fatal1ty Z170 Gaming K4,LGA1151,ATX
Gigabyte GA-H170-D3HP,LGA1151,ATX
MSI Z270 SLI,LGA1151,ATX
MSI Z370 KRAIT GAMING,LGA1151,ATX
ASRock Z490 Extreme4,LGA1200,ATX
MSI B560-A PRO,LGA1200,ATX
MSI PRO B660-A,LGA1700,ATX
Asus P8B75-V,LGA1155,ATX
ASRock 990FX Killer,AM3+,ATX
MSI Z170A Tomahawk AC,LGA1151,ATX
Gigabyte GA-Z270X-Gaming 5,LGA1151,ATX
Asus ROG MAXIMUS XI EXTREME,LGA1151,EATX
Gigabyte X470 AORUS GAMING 7 WIFI-50,AM4,ATX
Gigabyte X299X AORUS MASTER,LGA2066,EATX
ASRock B460 Pro4,LGA1200,ATX
MSI PRO B760-P DDR4,LGA1700,ATX
ASRock 970 Extreme4,AM3+,ATX
ASRock Z77 Extreme6,LGA1155,ATX
Gigabyte GA-H77-DS3H,LGA1155,ATX
MSI Z87-G43 Gaming,LGA1150,ATX
Gigabyte GA-X99-UD3,LGA2011-3,ATX
Asus Z97-E/USB3.1,LGA1150,ATX
MSI X370 KRAIT GAMING,AM4,ATX
Asus ROG RAMPAGE VI EXTREME,LGA2066,EATX
Gigabyte GA-970A-DS3P FX (rev. 2.1),AM3+/AM3,ATX
Asus Prime H370-A/CSM,LGA1151,ATX
Asus TUF GAMING B460-PRO (WI-FI),LGA1200,ATX
Asus Rampage IV Formula,LGA2011,ATX
Asus P8H67,LGA1155,ATX
Gigabyte GA-Z68X-UD3H-B3,LGA1155,ATX
MSI X79A-GD45 Plus,LGA2011,ATX
MSI Z87-G41 PC Mate,LGA1150,ATX
MSI X99S Gaming 7,LGA2011-3,ATX
MSI 970A SLI Krait Edition,AM3+,ATX
MSI X99A SLI KRAIT EDITION,LGA2011-3,ATX
ASRock Z170 Pro4,LGA1151,ATX
Gigabyte B360 AORUS GAMING 3,LGA1151,ATX
ASRock Z390 Taichi Ultimate,LGA1151,ATX
Gigabyte Z490 VISION D,LGA1200,ATX
ASRock Z690-C/D5,LGA1700,ATX
MSI Z590 PLUS,LGA1200,ATX
Asus Rampage II Extreme,LGA1366,ATX
Asus P6TD Deluxe,LGA1366,ATX
Asus P8Z68-V PRO,LGA1155,ATX
Asus Sabertooth 990FX,AM3+,ATX
XFX MBN790IUL9,LGA775,ATX
Gigabyte GA-Z87-D3HP,LGA1150,ATX
Gigabyte GA-B85-HD3,LGA1150,ATX
Gigabyte G1.Sniper B5,LGA1150,ATX
ASRock X99 Extreme3,LGA2011-3,ATX
MSI Z97A GAMING 7,LGA1150,ATX
Asus PRIME B250-PRO,LGA1151,ATX
ASRock Z270 Taichi,LGA1151,ATX
Gigabyte GA-AX370-Gaming K3,AM4,ATX
Asus ROG RAMPAGE VI APEX,LGA2066,EATX
Gigabyte Z370 AORUS Gaming K3 (rev. 1.0),LGA1151,ATX
MSI H310-A PRO,LGA1151,ATX
ASRock X570 Extreme4 WiFi ax,AM4,ATX
Asus PRIME H670-PLUS D4-CSM,LGA1700,ATX
Asus P5QL/EPU,LGA775,ATX
Asus P8P67 LE,LGA1155,ATX
Asus P8P67 PRO,LGA1155,ATX
Gigabyte GA-970A-UD3,AM3+,ATX
Asus Maximus V Formula,LGA1155,EATX
Asus H87-PRO,LGA1150,ATX
Asus H81-GAMER,LGA1150,ATX
Gigabyte GA-G1.SNIPER B6,LGA1150,ATX
Asus E3 PRO GAMING V5,LGA1151,ATX
Gigabyte GA-X99-Designare EX,LGA2011-3,ATX
MSI B350 KRAIT GAMING,AM4,ATX
MSI X370 GAMING PRO CARBON AC,AM4,ATX
ASRock Z390 Phantom Gaming 6,LGA1151,ATX
Gigabyte B660 DS3H AC,LGA1700,ATX
Gigabyte Z690 AORUS ELITE AX (rev. 1.4),LGA1700,ATX
Gigabyte B660-AORUS-ELITE-DDR4,LGA1700,ATX
Gigabyte Z690 AORUS TACHYON,LGA1700,EATX
Asus P7P55D,LGA1156,ATX
Asus Sabertooth P67,LGA1155,ATX
ASRock H77 Pro4/MVP,LGA1155,ATX
Gigabyte GA-H87-HD3,LGA1150,ATX
Gigabyte GA-G1.SNIPER Z97,LGA1150,ATX
Asus Z97-C,LGA1150,ATX
Gigabyte GA-Z97X-UD3H-BK,LGA1150,ATX
Gigabyte GA-H170-D3H,LGA1151,ATX
MSI B150A Gaming Pro,LGA1151,ATX
Asus MAXIMUS VIII EXTREME,LGA1151,EATX
MSI 970A-G43 Plus,AM3+/AM3,ATX
Asus X99-E,LGA2011-3,ATX
Gigabyte GA-Z270X-Gaming K7,LGA1151,ATX
MSI H270 Gaming Pro Carbon,LGA1151,ATX
ASRock Z490 PG Velocita,LGA1200,ATX
MSI Z590 PRO WIFI (CEC),LGA1200,ATX
ASRock Z590 Taichi,LGA1200,ATX
ASRock X370 GAMING X,AM4,ATX
ASRock H470 Steel Legend,LGA1200,ATX
MSI X58 Pro-E,LGA1366,ATX
Gigabyte GA-Z68A-D3H-B3,LGA1155,ATX
ASRock Z68 Extreme4 Gen3,LGA1155,ATX
MSI Z87 MPOWER,LGA1150,ATX
Asus Maximus VI Extreme,LGA1150,ATX
ASRock Fatal1ty Z87 Killer,LGA1150,ATX
ASRock Fatal1ty 970 Performance,AM3+/AM3,ATX
MSI X99A XPOWER GAMING TITANIUM,LGA2011-3,EATX
Gigabyte GA-Z170X-Ultra Gaming,LGA1151,ATX
Gigabyte GA-B150-HD3P,LGA1151,ATX
Asus MAXIMUS IX APEX,LGA1151,EATX
ASRock Fatal1ty X370 Professional Gaming,AM4,ATX
ASRock Z490 Phantom Gaming 4/ax,LGA1200,ATX
Gigabyte Z690 UD AC,LGA1700,ATX
Gigabyte Z590 AORUS TACHYON,LGA1200,EATX
ASRock E3V5 WS,LGA1151,ATX
MSI X470 GAMING PRO CARBON AC,AM4,ATX
Asus P7P55D-E,LGA1156,ATX
Asus P8P67,LGA1155,ATX
Asus P8P67 Deluxe,LGA1155,ATX
Asus Rampage III Black Edition,LGA1366,EATX
ASRock Z77 Pro4,LGA1155,ATX
MSI Z77A-GD65,LGA1155,ATX
ASRock B85 Pro4,LGA1150,ATX
ASRock Fatal1ty H97 Performance,LGA1150,ATX
Gigabyte GA-Z97X-Gaming GT,LGA1150,ATX
ASRock EPC612D8A,LGA2011-3 Narrow,ATX
MSI Z170A-G45 GAMING,LGA1151,ATX
Gigabyte GA-Z170-D3H,LGA1151,ATX
Asus P10S WS,LGA1151,ATX
Gigabyte GA-Z170-Gaming K3-EU,LGA1151,ATX
Gigabyte GA-Gaming B8,LGA1151,ATX
Gigabyte GA-Z270X-DESIGNARE,LGA1151,ATX
ASRock Z370 Killer SLI,LGA1151,ATX
MSI X299 TOMAHAWK AC,LGA2066,ATX
MSI X299 PRO,LGA2066,ATX
Asus PRIME H470-PLUS,LGA1200,ATX
Gigabyte H470 AORUS PRO AX,LGA1200,ATX
Asus Crosshair V Formula,AM3+,ATX
Asus P8Z68-V LE,LGA1155,ATX
Asus P9X79 DELUXE,LGA2011,ATX
Gigabyte GA-X79S-UP5-WIFI,LGA2011,EATX
ASRock Z87 Extreme3,LGA1150,ATX
Gigabyte GA-Z97X-SOC FORCE,LGA1150,ATX
Asus SABERTOOTH Z97 MARK2,LGA1150,ATX
Gigabyte GA-X99-GAMING 5,LGA2011-3,ATX
Gigabyte GA-X99-UD5 WIFI,LGA2011-3,EATX
Gigabyte GA-X99-GAMING G1WIFI,LGA2011-3,EATX
MSI H170A Gaming Pro,LGA1151,ATX
Gigabyte GA-P35-DS3L,LGA775,ATX
ASRock Fatal1ty X99 Professional Gaming i7,LGA2011-3,ATX
Gigabyte GA-990FXA-UD3 Ultra,AM3+,ATX
MSI 970A GAMING PRO CARBON,AM3+/AM3,ATX
Gigabyte X299 AORUS Gaming 7,LGA2066,ATX
ASRock Fatal1ty B360 Gaming K4,LGA1151,ATX
Gigabyte H370 AORUS GAMING 3,LGA1151,ATX
Asus ROG RAMPAGE VI EXTREME OMEGA,LGA2066,EATX
ASRock Z490 Phantom Gaming 4/ac,LGA1200,ATX
Gigabyte Z690 GAMING X DDR4 V2,LGA1700,ATX
ASRock B460 Steel Legend,LGA1200,ATX
Gigabyte GA-P55A-UD4P,LGA1156,ATX
MSI P43-C51,LGA775,ATX
Gigabyte GA-990XA-UD3,AM3+,ATX
ASRock Fatal1ty 990FX Professional,AM3+,ATX
ASRock X79 Extreme6,LGA2011,ATX
Asus P8H77-V LE,LGA1155,ATX
MSI Z77A-GD55,LGA1155,ATX
ASRock B75 Pro3,LGA1155,ATX
Gigabyte GA-Z87X-UD5H,LGA1150,ATX
ASRock H87 Pro4,LGA1150,ATX
Gigabyte GA-Z170X-UD5 TH,LGA1151,ATX
Gigabyte GA-X99P-SLI,LGA2011-3,ATX
ASRock Fatal1ty Z170 Professional Gaming i7,LGA1151,ATX
MSI Z170A SLI,LGA1151,ATX
ASRock Fatal1ty Z170 Gaming K6,LGA1151,ATX
ASRock Fatal1ty Z270 Gaming K4,LGA1151,ATX
MSI B250 KRAIT GAMING,LGA1151,ATX
MSI X299 GAMING PRO CARBON AC,LGA2066,ATX
MSI B360 GAMING PRO CARBON,LGA1151,ATX
ASRock Z390 Phantom Gaming 9,LGA1151,ATX
Gigabyte Z690 UD DDR4 V2,LGA1700,ATX
Asus Pro WS C246-ACE,LGA1151,ATX
Asus ROG MAXIMUS X APEX,LGA1151,EATX
Gigabyte GA-P67A-D3-B3,LGA1155,ATX
ASRock 970 Pro3 R2.0,AM3+,ATX
ASRock 970 Extreme3 R2.0,AM3+,ATX
Asus M5A97 EVO R2.0,AM3+,ATX
ASRock Fatal1ty H97 Killer,LGA1150,ATX
Asus Z97-DELUXE,LGA1150,ATX
MSI X99S GAMING 9 AC,LGA2011-3,EATX
Asus X99-S,LGA2011-3,ATX
Gigabyte GA-H97-HD3,LGA1150,ATX
ASRock X99 WS-E,LGA2011-3,EATX
ASRock Z170A-X1/3.1,LGA1151,ATX
MSI Z270 XPOWER GAMING TITANIUM,LGA1151,ATX
MSI H270-A PRO,LGA1151,ATX
ASRock H470 Phantom Gaming 4,LGA1200,ATX
ASRock Z270 Killer SLI,LGA1151,ATX
Gigabyte Z490 AORUS XTREME,LGA1200,EATX
Asus Maximus III Formula,LGA1156,ATX
ASRock P67 Extreme4,LGA1155,ATX
Asus P8Z68-V/GEN3,LGA1155,ATX
MSI B75A-G43,LGA1155,ATX
ASRock Z87 Pro4,LGA1150,ATX
Asus P9D WS,LGA1150,ATX
Asus Z87-Pro (V Edition),LGA1150,ATX
ASRock Fatal1ty H87 Performance,LGA1150,ATX
ASRock Z97 PRO3,LGA1150,ATX
Asus H97-PRO,LGA1150,ATX
MSI X99A GAMING 9 ACK,LGA2011-3,EATX
Gigabyte GA-P85-D3T,LGA1150,ATX
MSI Z170A GAMING M9 ACK,LGA1151,ATX
MSI Z170 Krait Gaming,LGA1151,ATX
MSI H170A PC Mate,LGA1151,ATX
ASRock Fatal1ty H170 Performance,LGA1151,ATX
Asus H170-PRO/CSM,LGA1151,ATX
Asus B150-PLUS,LGA1151,ATX
Gigabyte GA-Z170X-UD3 Ultra,LGA1151,ATX
Gigabyte GA-B250-HD3P,LGA1151,ATX
Gigabyte X299 AORUS Gaming 9,LGA2066,ATX
ASRock Fatal1ty X299 Professional Gaming i9,LGA2066,ATX
Asus ROG MAXIMUS IX EXTREME,LGA1151,EATX
ASRock H370 Pro4,LGA1151,ATX
Gigabyte GA-P55-USB3,LGA1156,ATX
Asus P5P43TD,LGA775,ATX
Asus P6X58D-E,LGA1366,ATX
MSI P55-CD53,LGA1156,ATX
Asus P5P43TD/USB3,LGA775,ATX
Gigabyte GA-990FXA-UD5,AM3+,ATX
ASRock Z68 Pro3 GEN3,LGA1155,ATX
Asus Rampage IV Extreme/BF3,LGA2011,EATX
Asus P8Z77-V PRO/THUNDERBOLT,LGA1155,ATX
ASRock 980DE3/U3S3,AM3+,ATX
Asus Z87-C,LGA1150,ATX
MSI Z97-G55 SLI,LGA1150,ATX
Gigabyte GA-EX58-UD4P,LGA1366,ATX
MSI B85-G43,LGA1150,ATX
Asus X99-DELUXE/U3.1,LGA2011-3,ATX
Asus SABERTOOTH Z97 MARK 2/USB 3.1,LGA1150,ATX
Asus H170-PLUS D3,LGA1151,ATX
Gigabyte G1.Sniper Z170,LGA1151,ATX
MSI H270 PC MATE,LGA1151,ATX
MSI Z270 GAMING M6 AC,LGA1151,ATX
Gigabyte X299 AORUS Ultra Gaming Pro,LGA2066,ATX
Gigabyte GA-EP43-UD3L,LGA775,ATX
MSI P67A-C43,LGA1155,ATX
Asus M5A88-V EVO,AM3+,ATX
Asus Maximus IV Extreme-Z,LGA1155,EATX
MSI 990FXA-GD65,AM3+,ATX
Asus M5A97,AM3+,ATX
Gigabyte GA-970A-D3,AM3+,ATX
ASRock 970 Extreme3,AM3+,ATX
Asus P8Z68 Deluxe/GEN3,LGA1155,ATX
Asus P8Z77-V DELUXE,LGA1155,ATX
MSI Z77A-G45 Gaming,LGA1155,ATX
Asus Z87-Deluxe,LGA1150,ATX
ASRock Z87 Pro3,LGA1150,ATX
Gigabyte GA-Z97X-Gaming G1,LGA1150,ATX
Gigabyte GA-Z97X-UD5H-BK,LGA1150,ATX
MSI Z97-GD65 Gaming,LGA1150,ATX
Gigabyte G1.SNIPER H6,LGA1150,ATX
MSI X99S GAMING 9 ACK,LGA2011-3,EATX
Asus P5P41T LE,LGA775,ATX
Gigabyte GA-B85-HD3-A (rev. 1.0),LGA1150,ATX
ASRock Z170 Gaming K4/D3,LGA1151,ATX
Asus B150-PRO,LGA1151,ATX
Gigabyte X299 AORUS Gaming 3,LGA2066,ATX
Gigabyte X299 DESIGNARE EX,LGA2066,ATX
ASRock Z390 PHANTOM GAMING X,LGA1151,ATX
ASRock Z490 Phantom Gaming 4/2.5G,LGA1200,ATX
ASRock Z590 Phantom Gaming 4/ac,LGA1200,ATX
ASRock Z590 Phantom Gaming 4/ac+,LGA1200,ATX
Gigabyte Z490 UD AC-Y1,LGA1200,ATX
Gigabyte GA-P43-ES3G,LGA775,ATX
Gigabyte GA-X58A-UD5,LGA1366,ATX
Gigabyte GA-X58-USB3,LGA1366,ATX
MSI P67A-GD65 (B3),LGA1155,ATX
Gigabyte GA-Z68P-DS3,LGA1155,ATX
MSI 990FXA-GD80V2,AM3+,ATX
Gigabyte GA-Z77-HD3,LGA1155,ATX
MSI Z77A-GD65 Gaming,LGA1155,ATX
ASRock H97 PERFORMANCE,LGA1150,ATX
ASRock Z97 Extreme3,LGA1150,ATX
Gigabyte GA-Z97X-UD7 TH,LGA1150,ATX
ASRock X99 OC Formula,LGA2011-3,EATX
ASRock Z97 Extreme6/ac,LGA1150,ATX
Asus X99-PRO,LGA2011-3,ATX
ASRock 970 Performance,AM3+,ATX
ASRock Fatal1ty Z97 Professional,LGA1150,ATX
MSI X99S SLI Krait,LGA2011-3,ATX
Asus RAMPAGE V EXTREME/U3,LGA2011-3,EATX
Gigabyte GA-X99-UD3P (rev. 1.0),LGA2011-3,ATX
Gigabyte GA-X99-UD4P,LGA2011-3,EATX
Gigabyte GA-990FXA-UD5 R5,AM3+,ATX
MSI X99A GODLIKE GAMING,LGA2011-3,EATX
Gigabyte GA-X150-PLUS WS,LGA1151,ATX
Gigabyte GA-970-Gaming SLI,AM3+/AM3,ATX
MSI Z170A MPOWER GAMING TITANIUM,LGA1151,ATX
Gigabyte GA-Z270-Gaming 3,LGA1151,ATX
ASRock Fatal1ty H270 Performance,LGA1151,ATX
Gigabyte GA-990X-Gaming SLI,AM3+,ATX
MSI X299 TOMAHAWK,LGA2066,ATX
ASRock Fatal1ty Z370 Professional Gaming i7,LGA1151,ATX
Gigabyte H310 D3,LGA1151,ATX
Asus Prime X299 Edition 30,LGA2066,ATX
Asus PRIME B760-PLUS-CSM,LGA1700,ATX
Gigabyte GA-Z68XP-UD4,LGA1155,ATX
Asus P8P67 EVO,LGA1155,ATX
Asus P5N-D,LGA775,ATX
Asus Maximus IV Extreme,LGA1155,EATX
ASRock P67 Pro3,LGA1155,ATX
Asus P8P67 PRO (REV 3.1),LGA1155,ATX
MSI 970A-G45,AM3+,ATX
ASRock P67 Extreme4 Gen3,LGA1155,ATX
MSI X79A-GD65 (8D),LGA2011,ATX
Asus P8H77-V,LGA1155,ATX
ASRock X79 Extreme11,LGA2011,EATX
ASRock Z77 Extreme3,LGA1155,ATX
Asus Z77-A,LGA1155,ATX
Asus Sabertooth 990FX/GEN3 R2.0,AM3+,ATX
MSI Z77A-G43 Gaming,LGA1155,ATX
ASRock Z87 Extreme11/ac,LGA1150,EATX
ASRock B85 Killer,LGA1150,ATX
MSI Z97 MPOWER MAX AC,LGA1150,ATX
ASRock Z97 OC FORMULA,LGA1150,ATX
MSI Z97-G43 GAMING,LGA1150,ATX
ASRock X99 Extreme6,LGA2011-3,ATX
Gigabyte GA-X99-SOC Champion,LGA2011-3,EATX
ASRock X99 Extreme4/3.1,LGA2011-3,ATX
ASRock H87WSA-DL,LGA1150,ATX
ASRock Z170 Extreme7+,LGA1151,ATX
Gigabyte GA-Z170X-Gaming GT,LGA1151,ATX
ASRock H170 Pro4S,LGA1151,ATX
ASRock B150M-HDV/D3,LGA1151,ATX
Asus Z170-WS,LGA1151,ATX
Asus E3-PRO V5,LGA1151,ATX
Gigabyte GA-X99-Phoenix SLI,LGA2011-3,ATX
Gigabyte GA-Z170X-Designare,LGA1151,ATX
Gigabyte GA-X170-EXTREME ECC,LGA1151,ATX
MSI X99A TOMAHAWK,LGA2011-3,ATX
MSI X99A WORKSTATION,LGA2011-3,ATX
Gigabyte GA-Z270X-Gaming 8,LGA1151,ATX
MSI X299 XPOWER GAMING AC,LGA2066,EATX
MSI X299 GAMING PRO CARBON,LGA2066,ATX
MSI X370 GAMING M7 ACK,AM4,ATX
Asus ROG MAXIMUS XI APEX,LGA1151,ATX
Gigabyte B660 GAMING X,LGA1700,ATX
MSI Z790-S01,LGA1700,ATX
ASRock Z690-C/ac,LGA1700,ATX
Asus P7P55D-E PRO,LGA1156,ATX
Gigabyte GA-EP45T-UD3LR,LGA775,ATX
Asus Rampage III Formula,LGA1366,ATX
ASRock P45X3 Deluxe,LGA775,ATX
MSI Big Bang XPOWER,LGA1366,ATX
Asus P7H55/USB3,LGA1156,ATX
MSI P55-GD65 USB3,LGA1156,ATX
ASRock X58 Extreme6,LGA1366,ATX
ASRock P67 Transformer,LGA1155,ATX
MSI X58A-GD65,LGA1366,ATX
Gigabyte GA-P67A-UD3P-B3,LGA1155,ATX
Gigabyte GA-P67A-UD4-B3,LGA1155,ATX
Gigabyte GA-Z68A-D3-B3,LGA1155,ATX
Gigabyte GA-990FXA-UD7,AM3+,ATX
ASRock X79 Extreme3,LGA2011,ATX
MSI X79A-GD45 (8D),LGA2011,ATX
Gigabyte GA-Z77X-UD5H-WB,LGA1155,ATX
Gigabyte GA-Z77X-UP5 TH,LGA1155,ATX
ASRock Z77 WS,LGA1155,ATX
ASRock Z77 Extreme11,LGA1155,EATX
Asus Z9PA-U8,LGA2011,ATX
Asus Z87-Expert,LGA1150,ATX
Gigabyte GA-Z87X-OC,LGA1150,ATX
Gigabyte G1.Sniper Z87,LGA1150,ATX
MSI Z97 U3 Plus,LGA1150,ATX
MSI Z97-Gaming 9 AC,LGA1150,ATX
MSI H97 Guard-Pro,LGA1150,ATX
ASRock B85 Anniversary,LGA1150,ATX
MSI Z97-G43,LGA1150,ATX
ASRock EPC612D8A-TB,LGA2011-3 Narrow,ATX
Asus Z97-PRO(Wi-Fi ac)/USB 3.1,LGA1150,ATX
MSI X99A MPOWER,LGA2011-3,ATX
Asus M5A97 PLUS,AM3+,ATX
ASRock 990FX Killer/3.1,AM3+/AM3,ATX
MSI Z97A GAMING 6,LGA1150,ATX
Gigabyte GA-H97M-DS3P,LGA1150,ATX
ASRock B150 Gaming K4,LGA1151,ATX
MSI Z170A-G43 PLUS,LGA1151,ATX
MSI Z170A KRAIT GAMING R6 SIEGE,LGA1151,ATX
Asus M5A78L/USB3,AM3+,ATX
MSI C236A WORKSTATION,LGA1151,ATX
ASRock P55 Deluxe3,LGA1156,ATX
Gigabyte GA-B250M-D3V,LGA1151,ATX
Gigabyte GA-Z270X-Gaming 9,LGA1151,EATX
ASRock Fatal1ty X299 Gaming K6,LGA2066,ATX
Gigabyte X299 AORUS Ultra Gaming,LGA2066,ATX
MSI Z370 GODLIKE GAMING,LGA1151,EATX
ASRock Z390 PHANTOM GAMING 7,LGA1151,ATX
Asus PRIME H770-PLUS,LGA1700,ATX
Gigabyte Z490 AORUS ULTRA G2,LGA1200,ATX
Asus P7P55 LX,LGA1156,ATX
Gigabyte GA-P55A-UD3P,LGA1156,ATX
ASRock X58 Extreme,LGA1366,ATX
ASRock P43DE3,LGA775,ATX
Asus P8H67-V,LGA1155,ATX
MSI P67A-G45 (B3),LGA1155,ATX
MSI P67A-G43 (B3),LGA1155,ATX
Asus M5A87,AM3+,ATX
Asus P8Z68-V,LGA1155,ATX
Asus P8Z68 Deluxe,LGA1155,ATX
Asus M5A99X EVO,AM3+,ATX
ASRock 990FX Extreme4,AM3+,ATX
MSI Z68A-G43 (G3),LGA1155,ATX
MSI X79A-GD45,LGA2011,ATX
Gigabyte GA-X79-UD5,LGA2011,EATX
ASRock X79 Extreme9,LGA2011,ATX
ASRock 970DE3/U3S3,AM3+,ATX
Asus P8Z77-V LE,LGA1155,ATX
Asus P8Z77 WS,LGA1155,ATX
ASRock 970 Pro3,AM3+,ATX
Asus P8Z77-V LE PLUS,LGA1155,ATX
Gigabyte GA-970A-DS3,AM3+,ATX
ASRock Z87 Extreme6,LGA1150,ATX
ASRock Z87 OC Formula,LGA1150,EATX
Gigabyte GA-Z87-DS3H,LGA1150,ATX
MSI H87-G43 GAMING,LGA1150,ATX
Gigabyte GA-Z97X-SOC,LGA1150,ATX
Gigabyte GA-Z97X-Gaming G1 WIFI-BK,LGA1150,ATX
MSI Z97S SLI Plus,LGA1150,ATX
ASRock Z97 PROFESSIONAL,LGA1150,ATX
ASRock Z97 Extreme9,LGA1150,ATX
MSI X99S XPOWER AC,LGA2011-3,EATX
ASRock X99 Professional,LGA2011-3,EATX
MSI X99S MPOWER,LGA2011-3,ATX
Gigabyte GA-Z97-HD3P,LGA1150,ATX
Asus Z97-DELUXE/USB 3.1,LGA1150,ATX
ASRock Z170 Extreme6+,LGA1151,ATX
ASRock Z170 Extreme4+,LGA1151,ATX
ASRock Z170 Extreme6,LGA1151,ATX
ASRock FATAL1TY 970 PERFORMANCE/3.1,AM3+/AM3,ATX
ASRock H170 Pro4/D3,LGA1151,ATX
Asus B150-PLUS D3,LGA1151,ATX
ASRock H170A-X1,LGA1151,ATX
ASRock H170A-X1/3.1,LGA1151,ATX
Asus Z170-PREMIUM,LGA1151,ATX
ASRock Z170A-X1,LGA1151,ATX
Gigabyte GA-970-Gaming,AM3+,ATX
MSI X99A SLI,LGA2011-3,ATX
Asus Z270-WS,LGA1151,ATX
ASRock Z270 Professional Gaming i7,LGA1151,ATX
MSI X299 GAMING M7 ACK,LGA2066,ATX
ASRock X299 OC Formula,LGA2066,ATX
Asus ROG STRIX X299-XE GAMING,LGA2066,ATX
MSI H110 PC MATE,LGA1151,ATX
ASRock Fatal1ty X99 Professional,LGA2011-3,EATX
ASRock Z590-C/ax,LGA1200,ATX
MSI Z490 PLUS,LGA1200,ATX
Gigabyte B760 AORUS ELITE DDR4,LGA1700,ATX
Gigabyte B760 AORUS ELITE,LGA1700,ATX
Asus P7P55D Pro,LGA1156,ATX
Asus Sabertooth 55I,LGA1156,ATX
Gigabyte GA-EP45-UD3L,LGA775,ATX
Gigabyte GA-P55-UD3R,LGA1156,ATX
ASRock P55 Extreme4,LGA1156,ATX
Asus P6T6 WS Revolution,LGA1366,ATX
MSI P55A FUZION,LGA1156,ATX
Gigabyte GA-EP43T-UD3L,LGA775,ATX
MSI P67A-C45,LGA1155,ATX
Gigabyte GA-P43T-ES3G,LGA775,ATX
ASRock Fatal1ty P67 Professional,LGA1155,ATX
Asus Sabertooth P67 (REV 3.0),LGA1155,ATX
ASRock P67 Extreme 4 (B3),LGA1155,ATX
Gigabyte GA-Z68X-UD3-B3,LGA1155,ATX
Asus P8H67-V (REV 3.0),LGA1155,ATX
MSI 990XA-GD55,AM3+/AM3,ATX
MSI Z68A-GD55 (G3),LGA1155,ATX
ASRock 990FX Extreme3,AM3+/AM3,ATX
ASRock X79 Extreme7,LGA2011,ATX
ASRock X79 Extreme6/GB,LGA2011,ATX
ASRock Fatal1ty X79 Professional,LGA2011,ATX
ASRock Z77 Extreme9,LGA1155,ATX
Asus Maximus V Extreme,LGA1155,EATX
Gigabyte GA-Z77X-UP4 TH,LGA1155,ATX
ASRock Z77 OC Formula,LGA1155,EATX
MSI Z77A-G45 Thunderbolt,LGA1155,ATX
MSI ZH77A-G43,LGA1155,ATX
Gigabyte GA-H87-D3H,LGA1150,ATX
MSI H87-G43,LGA1150,ATX
Asus Z87-WS,LGA1150,ATX
Gigabyte GA-H81.Amp-UP,LGA1150,ATX
Gigabyte GA-EP43-S3L,LGA775,ATX
Gigabyte GA-H81-D3,LGA1150,ATX
Gigabyte GA-X99-SOC FORCE,LGA2011-3,EATX
ASRock X99 Extreme6/ac,LGA2011-3,ATX
Asus SABERTOOTH Z97 MARK 1/USB 3.1,LGA1150,ATX
MSI X99A XPOWER AC,LGA2011-3,EATX
MSI Z97A SLI KRAIT EDITION,LGA1150,ATX
ASRock E3C224D4M-16RE,LGA1150,ATX
ASRock Z170 OC Formula,LGA1151,ATX
ASRock H170 Pro4,LGA1151,ATX
Gigabyte GA-Z170X-SOC FORCE,LGA1151,EATX
Asus MAXIMUS VIII EXTREME/ASSEMBLY,LGA1151,EATX
Gigabyte GA-Z170X-Gaming 5-EU,LGA1151,ATX
Asus P10S-E/4L,LGA1151,ATX
ASRock X299 Killer SLI/ac,LGA2066,ATX
ASRock X299 Extreme4,LGA2066,ATX
Gigabyte X299 AORUS Gaming 7 Pro,LGA2066,ATX
Gigabyte X299 AORUS Gaming,LGA2066,ATX
Gigabyte X299 AORUS MASTER,LGA2066,EATX
Asus X299 Edition 30,LGA2066,ATX
MSI X299 PRO 10G,LGA2066,ATX
MSI X299-A PRO,LGA2066,ATX
Asus PRIME H770-PLUS-CSM,LGA1700,ATX
Asus P7H57D-V EVO,LGA1156,ATX
Gigabyte GA-P55A-UD6,LGA1156,ATX
Gigabyte GA-P67A-UD4,LGA1155,ATX
MSI P67A-GD65,LGA1155,ATX
Gigabyte G1.Guerrilla,LGA1366,EATX
Gigabyte GA-H67A-UD3H-B3,LGA1155,ATX
Gigabyte GA-P67A-UD3-B3,LGA1155,ATX
MSI PH67S-C43 (B3),LGA1155,ATX
Gigabyte GA-X58A-OC,LGA1366,ATX
Gigabyte GA-Z68X-UD4-B3,LGA1155,ATX
ASRock Z68 Pro3,LGA1155,ATX
ASRock Z68 Extreme4,LGA1155,ATX
ASRock Fatal1ty P67 Performance,LGA1155,ATX
Asus P6X58-E PRO,LGA1366,ATX
Gigabyte GA-Z68XP-UD3P,LGA1155,ATX
ASRock P67 Transformer (B3),LGA1156,ATX
MSI Z68A-GD55 (B3),LGA1155,ATX
MSI PH61A-P35 (B3),LGA1155,ATX
Asus Crosshair V Formula/Thunderbolt,AM3+,ATX
ASRock Z68 Extreme7 Gen3,LGA1155,ATX
MSI X79A-GD65(8D) Frio Adv,LGA2011,ATX
Gigabyte G1.ASSASSIN2,LGA2011,EATX
ASRock 770iCafe,AM3+/AM3,ATX
Gigabyte G1.Sniper 3,LGA1155,EATX
MSI Z77A-GD80,LGA1155,ATX
Gigabyte G1.SNIPER 5,LGA1150,EATX
MSI Z87 MPOWER Max,LGA1150,ATX
ASRock Z87 OC Formula/ac,LGA1150,EATX
ASRock C226WS,LGA1150,ATX
ASRock E3C224,LGA1150,ATX
MSI Z87-G55,LGA1150,ATX
MSI Z87 MPOWER SP,LGA1150,ATX
Gigabyte GA-Z87X-HD3,LGA1150,ATX
Gigabyte GA-970A-DS3P BOM,AM3+,ATX
Asus Z87-A (NFC Express Edition),LGA1150,ATX
ASRock Fatal1ty Z87 Professional,LGA1150,ATX
MSI Z97 MPOWER,LGA1150,ATX
Asus Z97-DELUXE(NFC&WLC),LGA1150,ATX
MSI Z97 XPOWER AC,LGA1150,EATX
Gigabyte GA-Z87X-SLI,LGA1150,ATX
Asus SABERTOOTH Z97 MARK1,LGA1150,ATX
Gigabyte GA-X99-Gaming 7 WIFI,LGA2011-3,EATX
Gigabyte GA-X99-Gaming 5P,LGA2011-3,EATX
ASRock Z97X Killer/3.1,LGA1150,ATX
ASRock Z97 Extreme4/3.1,LGA1150,ATX
ASRock X99 Extreme6/3.1,LGA2011-3,ATX
ASRock Fatal1ty X99X Killer/3.1,LGA2011-3,ATX
ASRock Fatal1ty X99 Professional/3.1,LGA2011-3,EATX
Gigabyte GA-H170-HD3 DDR3,LGA1151,ATX
ASRock Z170 Extreme3,LGA1151,ATX
Gigabyte MW31-SP0,LGA1151,ATX
Asus B150-PRO D3,LGA1151,ATX
Asus H170-PRO/USB 3.1,LGA1151,ATX
MSI E3 KRAIT GAMING V5,LGA1151,ATX
Gigabyte GA-X170-WS ECC (rev. 1.0),LGA1151,ATX
Gigabyte GA-Z270X-UD5,LGA1151,ATX
ASRock Z170 Pro4/D3,LGA1151,ATX
Gigabyte GA-Z270X-Gaming SOC,LGA1151,ATX
MSI Z270 MPOWER GAMING TITANIUM,LGA1151,ATX
ASRock X299 Taichi XE,LGA2066,ATX
ASRock Fatal1ty X299 Professional Gaming i9 XE,LGA2066,ATX
Gigabyte B360 HD3P,LGA1151,ATX
Gigabyte GA-H55-USB3,LGA1156,ATX
Asus P7P55D Deluxe,LGA1156,ATX
Asus P7P55D-E Deluxe,LGA1156,ATX
Gigabyte GA-EP45T-USB3P,LGA775,ATX
ASRock P43DE,LGA775,ATX
MSI X58A-GD45,LGA1366,ATX
ASRock X58 Extreme 3,LGA1366,ATX
Asus P7P55 WS SuperComputer,LGA1156,ATX
Asus P7F7-E WS SuperComputer,LGA1156,ATX
Gigabyte GA-H67A-UD3H,LGA1155,ATX
MSI P67A-GD55,LGA1155,ATX
MSI P67A-GD53,LGA1155,ATX
Gigabyte G1.Sniper,LGA1366,ATX
Asus Maximus IV Extreme (REV 3.0),LGA1155,EATX
MSI P67A-C43 (B3),LGA1155,ATX
Asus P8P67 (REV 3.0),LGA1155,ATX
Asus P8P67 Deluxe (REV 3.0),LGA1155,ATX
Asus P6X58-E WS,LGA1366,ATX
ASRock Fatal1ty P67 Professional (B3),LGA1155,ATX
Gigabyte GA-P67A-UD5-B3,LGA1155,ATX
Asus P8P67 WS Revolution (REV 3.0),LGA1155,ATX
Asus P8P67 PRO (REV 3.0),LGA1155,ATX
ASRock 890FX Deluxe5,AM3+,ATX
Gigabyte GA-P67X-UD3-B3,LGA1155,ATX
Asus P8P67 EVO (REV 3.0),LGA1155,ATX
ASRock P67 Pro3 SE,LGA1155,ATX
MSI P67S-C43 (B3),LGA1155,ATX
Gigabyte GA-Z68X-UD7-B3,LGA1155,ATX
MSI Z68A-GD80 (B3),LGA1155,ATX
MSI 990FXA-GD80,AM3+,ATX
Asus M5A97 EVO,AM3+,ATX
ASRock H61DE/S3,LGA1155,ATX
Gigabyte GA-Z68XP-UD5,LGA1155,ATX
ASRock Z68 Professional Gen3,LGA1155,ATX
MSI H67A-G43 (B3),LGA1155,ATX
MSI Z68A-G45 (B3),LGA1155,ATX
Gigabyte GA-Z68AP-D3(R2.0),LGA1155,ATX
ASRock Z77 Professional,LGA1155,ATX
ASRock Z77 Performance,LGA1155,ATX
ASRock X79 Champion,LGA2011,EATX
Asus Maximus V Formula/ThunderFX,LGA1155,EATX
Gigabyte GA-Z77X-UD4H,LGA1155,ATX
ASRock Z77 Fatal1ty Professional,LGA1155,ATX
ASRock Z87 Extreme6/ac,LGA1150,ATX
ASRock Z87 Extreme9/ac,LGA1150,ATX
ASRock H87WS-DL,LGA1150,ATX
Asus M5A97 LE R2.0 BOM,AM3+,ATX
Gigabyte GA-Z87X-UD7 TH,LGA1150,EATX
Gigabyte G1.SNIPER Z5S,LGA1150,ATX
MSI Z87 MPOWER MAX AC,LGA1150,ATX
Asus Z97-WS,LGA1150,ATX
Gigabyte GA-Z97X-SOC FORCE LN2,LGA1150,ATX
MSI Z97A GAMING 9 ACK,LGA1150,ATX
MSI Z87 MPOWER-R,LGA1150,ATX
ASRock Z97 Extreme6/3.1,LGA1150,ATX
Gigabyte GA-Z97X-Game Plus,LGA1150,ATX
ASRock Fatal1ty Z170 Gaming K6+,LGA1151,ATX
ASRock Fatal1ty B150 Gaming K4/D3,LGA1151,ATX
ASRock B150 Pro4/D3,LGA1151,ATX
Gigabyte GA-990XA-UD3 R5,AM3+/AM3,ATX
ASRock E3V5 Performance Gaming/OC,LGA1151,ATX
ASRock H170 Performance/Hyper,LGA1151,ATX
ASRock B150 GAMING K4/HYPER,LGA1151,ATX
ASRock Fatal1ty E3V5 Performance Gaming/OC,LGA1151,ATX
Gigabyte GA-H270-HD3P,LGA1151,ATX
ASRock Z270 SuperCarrier,LGA1151,ATX
Gigabyte X299 UD4,LGA2066,ATX
MSI X58 PLATINUM,LGA1366,ATX
Gigabyte X299 AORUS Gaming 3 Pro,LGA2066,ATX
Asus ROG Maximus XI Hero (Wi-Fi) Call of Duty: Black Ops 4 Edition,LGA1151,ATX
Asus Z490-GUNDAM (WI-FI),LGA1200,ATX
ASRock P55 Pro/USB3,LGA1156,ATX
MSI H55-G43,LGA1156,ATX
MSI Big Bang Trinergy,LGA1156,ATX
MSI Big Bang Fuzion,LGA1156,ATX
MSI H55-GD65,LGA1156,ATX
ASRock H55DE3,LGA1156,ATX
Asus Sabertooth 55i,LGA1156,ATX
Gigabyte GA-P67A-UD3,LGA1155,ATX
Gigabyte GA-P67A-UD3P,LGA1155,ATX
Gigabyte GA-P67A-UD5,LGA1155,ATX
Gigabyte GA-P67A-UD7,LGA1155,ATX
Asus P8P67 WS Revolution,LGA1155,ATX
MSI P67S-C43,LGA1155,ATX
ASRock P67 Professional,LGA1155,ATX
ASRock P67 Extreme6,LGA1155,ATX
ASRock P67 Pro,LGA1155,ATX
ASRock H67DE3,LGA1155,ATX
Asus P8P67 LE (REV 3.0),LGA1155,ATX
MSI P67A-GD55 (B3),LGA1155,ATX
MSI P67A-GD53 (B3),LGA1155,ATX
ASRock P67 Extreme6 (B3),LGA1155,ATX
Gigabyte GA-P67A-UD7-B3,LGA1155,ATX
ASRock P67 Pro3 (B3),LGA1155,ATX
MSI P67A-GD80 (B3),LGA1155,ATX
ASRock H61ICAFE,LGA1155,ATX
Gigabyte GA-P45T-ES3G,LGA775,ATX
Gigabyte GA-Z68X-UD5-B3,LGA1155,ATX
Gigabyte GA-Z68X-UD3P-B3,LGA1155,ATX
MSI Z68A-GD65 (B3),LGA1155,ATX
Asus P8P67 (REV 3.1),LGA1155,ATX
MSI Z68A-G43 (B3),LGA1155,ATX
MSI Z68A-GD65 (G3),LGA1155,ATX
MSI Z68A-GD80 (G3),LGA1155,ATX
ASRock 870 Extreme3 R2.0,AM3+,ATX
Gigabyte G1.SNIPER2,LGA1155,ATX
ASRock 870iCafe R2.0,AM3+,ATX
MSI 870A-G54 (FX),AM3+,ATX
MSI 990FXA-GD65V2,AM3+,ATX
Asus P8Z77-V PREMIUM,LGA1155,ATX
Gigabyte GA-Z77X-UP7,LGA1155,EATX
ASRock Z77 Extreme6/TB4,LGA1155,ATX
Asus Maximus V Formula/Assassins C3,LGA1155,EATX
Gigabyte GA-Z77-HD4,LGA1155,ATX
Gigabyte GA-Z87X-OC Force,LGA1150,EATX
ASRock Z87 Professional,LGA1150,ATX
ASRock H87 Performance,LGA1150,ATX
Asus P8Z77-V PRO/THNDRBLT,LGA1155,ATX
Asus Z87-Deluxe/DUAL,LGA1150,ATX
Asus P9D-X,LGA1150,ATX
ASRock E3C224-4L,LGA1150,ATX
ASRock E3C224-V+,LGA1150,ATX
Asus Z87-Deluxe/QUAD,LGA1150,ATX
Gigabyte GA-Z87X-UD5 TH,LGA1150,ATX
MSI Z97-Gaming 9 ACK,LGA1150,ATX
ASRock X99 OC Formula/3.1,LGA2011-3,EATX
ASRock E3C224-V4L,LGA1150,ATX
ASRock Fatal1ty H170 Performance/D3,LGA1151,ATX
ASRock Z490 Phantom Gaming 4SR,LGA1200,ATX
